# Created by FreeCAD <https://www.freecad.org>
v -62.500000 -16.000000 20.000000
v -64.500000 -14.000000 20.000000
v -77.500000 -39.000000 20.000000
v -34.500000 -16.000000 20.000000
v -77.500000 39.000000 20.000000
v -64.500000 14.000000 20.000000
v -62.500000 16.000000 20.000000
v -34.500000 16.000000 20.000000
v 77.500000 -39.000000 20.000000
v -32.500000 -14.000000 20.000000
v 77.500000 39.000000 20.000000
v -32.500000 14.000000 20.000000
v -78.000000 -39.500000 19.500000
v -77.500000 -40.000000 19.000000
v 77.500000 -40.000000 19.000000
v 78.000000 -39.500000 19.500000
v 78.500000 -39.000000 19.000000
v 78.500000 39.000000 19.000000
v 78.000000 39.500000 19.500000
v -78.000000 39.500000 19.500000
v -78.500000 39.000000 19.000000
v -78.500000 -39.000000 19.000000
v 77.500000 40.000000 19.000000
v -77.500000 40.000000 19.000000
v -63.500000 14.000000 19.000000
v -63.500000 -14.000000 19.000000
v -62.500000 15.000000 19.000000
v -62.500000 -15.000000 19.000000
v -34.500000 15.000000 19.000000
v -34.500000 -15.000000 19.000000
v -33.500000 14.000000 19.000000
v -33.500000 -14.000000 19.000000
v 78.000000 -39.500000 0.500000
v 78.500000 -39.000000 1.000000
v 77.500000 -40.000000 1.000000
v -78.000000 -39.500000 0.500000
v -77.500000 -40.000000 1.000000
v -78.500000 -39.000000 1.000000
v -26.500000 -40.000000 1.000000
v -26.303730 -40.000000 0.995182
v -26.107931 -40.000000 0.980739
v -25.913078 -40.000000 0.956706
v -22.476875 -40.000000 -23.489447
v -22.500000 -40.000000 -23.009125
v -22.494215 -40.000000 -23.249563
v -22.448021 -40.000000 -23.728218
v -22.293161 -40.000000 -24.432360
v -22.407717 -40.000000 -23.965324
v -22.356058 -40.000000 -24.200220
v -22.219177 -40.000000 -24.661205
v -22.134272 -40.000000 -24.886229
v -21.932516 -40.000000 -25.322735
v -22.038645 -40.000000 -25.106909
v -21.816132 -40.000000 -25.533209
v -21.689762 -40.000000 -25.737843
v -21.553696 -40.000000 -25.936161
v -21.408253 -40.000000 -26.127708
v -21.253765 -40.000000 -26.312040
v 5.215180 -40.000000 0.114343
v -23.813765 -40.000000 -0.036195
v -23.671574 -40.000000 -0.171573
v 5.321944 -40.000000 0.216641
v -23.962427 -40.000000 0.092042
v 5.113585 -40.000000 0.006910
v -23.536196 -40.000000 -0.313764
v 5.433619 -40.000000 0.313554
v -24.117203 -40.000000 0.212830
v 5.017408 -40.000000 -0.105400
v -23.407959 -40.000000 -0.462427
v 5.549934 -40.000000 0.404846
v -24.277719 -40.000000 0.325878
v 4.926882 -40.000000 -0.222311
v -23.287170 -40.000000 -0.617203
v 5.670606 -40.000000 0.490297
v -24.443588 -40.000000 0.430914
v 4.842226 -40.000000 -0.343542
v -23.174122 -40.000000 -0.777719
v 5.795341 -40.000000 0.569698
v -24.614412 -40.000000 0.527685
v 4.763646 -40.000000 -0.468796
v -23.069086 -40.000000 -0.943589
v 5.923837 -40.000000 0.642856
v -24.789780 -40.000000 0.615957
v 4.691332 -40.000000 -0.597770
v -22.972315 -40.000000 -1.114413
v 6.055782 -40.000000 0.709594
v -24.969267 -40.000000 0.695518
v 4.625462 -40.000000 -0.730150
v -22.884043 -40.000000 -1.289780
v 6.190855 -40.000000 0.769750
v -25.152441 -40.000000 0.766176
v 4.566195 -40.000000 -0.865615
v -22.804482 -40.000000 -1.469266
v 6.328728 -40.000000 0.823177
v -25.338861 -40.000000 0.827761
v 4.513674 -40.000000 -1.003836
v -22.733824 -40.000000 -1.652441
v 6.469066 -40.000000 0.869747
v -25.528080 -40.000000 0.880125
v 4.468028 -40.000000 -1.144476
v -22.672239 -40.000000 -1.838861
v 6.611528 -40.000000 0.909344
v -25.719639 -40.000000 0.923141
v 4.429366 -40.000000 -1.287195
v -22.619875 -40.000000 -2.028079
v 6.755768 -40.000000 0.941874
v 4.397784 -40.000000 -1.431646
v -22.576859 -40.000000 -2.219639
v 6.901436 -40.000000 0.967258
v 4.373358 -40.000000 -1.577477
v -22.543295 -40.000000 -2.413078
v 7.048177 -40.000000 0.985433
v 4.356146 -40.000000 -1.724335
v -22.519260 -40.000000 -2.607931
v -20.720503 -40.000000 -26.888878
v 4.346192 -40.000000 -1.871863
v 4.343519 -40.000000 -2.019701
v -22.504818 -40.000000 -2.803729
v 4.348134 -40.000000 -2.167492
v -22.500000 -40.000000 -3.000000
v 4.360024 -40.000000 -2.314876
v 4.379163 -40.000000 -2.461495
v 4.405503 -40.000000 -2.606993
v 4.438980 -40.000000 -2.751016
v -20.159554 -40.000000 -27.438828
v 4.479512 -40.000000 -2.893215
v 4.527001 -40.000000 -3.033245
v 4.581333 -40.000000 -3.170763
v 4.642375 -40.000000 -3.305439
v 4.709978 -40.000000 -3.436942
v 4.783979 -40.000000 -3.564955
v -19.572269 -40.000000 -27.960562
v 4.864197 -40.000000 -3.689167
v 4.950438 -40.000000 -3.809274
v -18.960068 -40.000000 -28.452822
v -18.324427 -40.000000 -28.914417
v -17.666880 -40.000000 -29.344234
v -16.989016 -40.000000 -29.741236
v -16.292471 -40.000000 -30.104465
v -15.578926 -40.000000 -30.433043
v -14.850104 -40.000000 -30.726177
v -14.107763 -40.000000 -30.983162
v -13.353697 -40.000000 -31.203373
v -12.589725 -40.000000 -31.386282
v -11.817690 -40.000000 -31.531446
v -11.039457 -40.000000 -31.638515
v -10.256905 -40.000000 -31.707232
v -9.471922 -40.000000 -31.737427
v -8.686403 -40.000000 -31.729031
v -7.902245 -40.000000 -31.682062
v -7.121340 -40.000000 -31.596636
v -6.345574 -40.000000 -31.472958
v -5.576819 -40.000000 -31.311323
v -4.816930 -40.000000 -31.112127
v -4.067743 -40.000000 -30.875849
v -3.331065 -40.000000 -30.603056
v -2.608675 -40.000000 -30.294411
v -1.902316 -40.000000 -29.950655
v -1.213694 -40.000000 -29.572620
v -0.544471 -40.000000 -29.161221
v 5.140137 -40.000000 -4.036023
v 5.042492 -40.000000 -3.924987
v 3.030068 -40.000000 -27.258879
v 5.829225 -40.000000 -4.589809
v 5.703457 -40.000000 -4.512053
v 5.581674 -40.000000 -4.428195
v 5.464170 -40.000000 -4.338438
v 5.351232 -40.000000 -4.243000
v 5.243133 -40.000000 -4.142114
v 6.638488 -40.000000 -25.564610
v 7.305815 -40.000000 -5.135712
v 6.365895 -40.000000 -4.836261
v 6.227332 -40.000000 -4.784649
v 6.091481 -40.000000 -4.726273
v 5.958671 -40.000000 -4.661273
v 10.325895 -40.000000 -24.049927
v 10.195294 -40.000000 -5.765087
v 9.222630 -40.000000 -5.600637
v 8.258760 -40.000000 -5.390691
v 14.083360 -40.000000 -22.718496
v 13.144533 -40.000000 -5.982334
v 12.158412 -40.000000 -5.956146
v 11.174609 -40.000000 -5.883677
v 17.901779 -40.000000 -21.573544
v 17.068699 -40.000000 -5.624653
v 16.095045 -40.000000 -5.783145
v 15.115024 -40.000000 -5.895738
v 14.130795 -40.000000 -5.962183
v 21.771906 -40.000000 -20.617844
v 19.852018 -40.000000 -4.900653
v 18.988323 -40.000000 -5.171470
v 18.033834 -40.000000 -5.420611
v 25.684366 -40.000000 -19.853710
v 23.678677 -40.000000 -4.046434
v 29.629683 -40.000000 -19.282993
v 31.435484 -40.000000 -2.912372
v 27.543005 -40.000000 -3.383129
v 33.598301 -40.000000 -18.907078
v 35.346523 -40.000000 -2.635322
v 37.580608 -40.000000 -18.726870
v 39.266495 -40.000000 -2.552663
v 41.566956 -40.000000 -18.742809
v 43.185738 -40.000000 -2.664597
v 45.547695 -40.000000 -18.954857
v 50.983456 -40.000000 -3.470664
v 47.094604 -40.000000 -2.970849
v 49.513180 -40.000000 -19.362499
v 54.842724 -40.000000 -4.162812
v 53.453808 -40.000000 -19.964748
v 58.662895 -40.000000 -5.045588
v 57.360031 -40.000000 -20.760145
v 62.434563 -40.000000 -6.116816
v 61.222393 -40.000000 -21.746765
v 69.795364 -40.000000 -8.813619
v 66.148438 -40.000000 -7.373858
v 65.031532 -40.000000 -22.922215
v 73.366364 -40.000000 -10.432551
v 76.970001 -40.000000 -12.294275
v 76.911598 -40.000000 -12.259748
v 76.852646 -40.000000 -12.226666
v 77.073189 -40.000000 -12.359778
v 77.174133 -40.000000 -12.429803
v 77.635414 -40.000000 -12.842879
v 77.549835 -40.000000 -12.752451
v 77.460670 -40.000000 -12.665732
v 77.717171 -40.000000 -12.936790
v 77.368156 -40.000000 -12.582932
v 77.794907 -40.000000 -13.033938
v 77.272552 -40.000000 -12.504233
v 78.123367 -40.000000 -13.570878
v 78.062225 -40.000000 -13.449477
v 78.002220 -40.000000 -13.342122
v 78.184380 -40.000000 -13.707893
v 77.937576 -40.000000 -13.236885
v 77.868431 -40.000000 -13.134062
v 68.778229 -40.000000 -24.283651
v 78.516930 -40.000000 -14.566115
v 78.807533 -40.000000 -15.439437
v 79.055504 -40.000000 -16.325806
v 79.260262 -40.000000 -17.223145
v 79.421318 -40.000000 -18.129345
v 72.453407 -40.000000 -25.827774
v 79.538300 -40.000000 -19.042282
v 79.610931 -40.000000 -19.959814
v 79.639046 -40.000000 -20.879786
v 79.622574 -40.000000 -21.800041
v 79.561562 -40.000000 -22.718418
v 79.456139 -40.000000 -23.632763
v 79.306564 -40.000000 -24.540930
v 76.048164 -40.000000 -27.550846
v 76.305878 -40.000000 -27.660273
v 76.130630 -40.000000 -27.590549
v 76.216576 -40.000000 -27.627138
v 76.398369 -40.000000 -27.689615
v 76.493843 -40.000000 -27.714836
v 79.113182 -40.000000 -25.440786
v 76.914848 -40.000000 -27.768707
v 76.663292 -40.000000 -27.747498
v 76.745926 -40.000000 -27.758003
v 76.829849 -40.000000 -27.765116
v 77.000717 -40.000000 -27.768661
v 76.582115 -40.000000 -27.733744
v 77.087227 -40.000000 -27.764885
v 77.174133 -40.000000 -27.757296
v 77.261200 -40.000000 -27.745838
v 78.876442 -40.000000 -26.330223
v 77.348160 -40.000000 -27.730473
v 77.434753 -40.000000 -27.711184
v 78.008934 -40.000000 -27.470005
v 77.772247 -40.000000 -27.595337
v 77.853111 -40.000000 -27.557035
v 77.932083 -40.000000 -27.515211
v 78.623611 -40.000000 -26.874405
v 78.667397 -40.000000 -26.805349
v 78.707817 -40.000000 -26.735483
v 78.744888 -40.000000 -26.665022
v 78.083458 -40.000000 -27.421583
v 77.689728 -40.000000 -27.629993
v 78.576454 -40.000000 -26.942423
v 78.778664 -40.000000 -26.594173
v 78.809189 -40.000000 -26.523136
v 78.155457 -40.000000 -27.370123
v 77.605804 -40.000000 -27.660900
v 78.525940 -40.000000 -27.009176
v 78.836540 -40.000000 -26.452101
v 78.224754 -40.000000 -27.315819
v 77.520729 -40.000000 -27.687983
v 78.472092 -40.000000 -27.074430
v 78.857613 -40.000000 -26.391041
v 78.291191 -40.000000 -27.258877
v 78.414963 -40.000000 -27.137955
v 78.354630 -40.000000 -27.199514
v 7.343454 -40.000000 1.000000
v 7.195636 -40.000000 0.996356
v 78.500000 -31.000000 6.000000
v 78.500000 -31.000000 14.000000
v 78.500000 31.000000 14.000000
v 78.500000 31.000000 6.000000
v 78.500000 39.000000 1.000000
v 78.000000 39.500000 0.500000
v 77.500000 40.000000 1.000000
v -77.500000 40.000000 1.000000
v -78.000000 39.500000 0.500000
v -78.500000 39.000000 1.000000
v -78.500000 37.000000 15.414213
v -78.500000 35.414215 17.000000
v -78.500000 37.000000 4.585786
v -78.500000 35.414215 3.000000
v -78.500000 -35.414215 17.000000
v -78.500000 -37.000000 15.414213
v -78.500000 -37.000000 4.585786
v -78.500000 -35.414215 3.000000
v -21.816132 40.000000 -25.533209
v -21.253765 40.000000 -26.312040
v -21.408253 40.000000 -26.127708
v -21.553696 40.000000 -25.936161
v -21.689762 40.000000 -25.737843
v -22.134272 40.000000 -24.886229
v -21.932516 40.000000 -25.322735
v -22.038645 40.000000 -25.106909
v -22.356058 40.000000 -24.200220
v -22.219177 40.000000 -24.661205
v -22.293161 40.000000 -24.432360
v -22.448021 40.000000 -23.728218
v -22.407717 40.000000 -23.965324
v -22.500000 40.000000 -23.009125
v -14.850104 40.000000 -30.726177
v -15.578926 40.000000 -30.433043
v -16.292471 40.000000 -30.104465
v -16.989016 40.000000 -29.741236
v -17.666880 40.000000 -29.344234
v -18.324427 40.000000 -28.914417
v -18.960068 40.000000 -28.452822
v -19.572269 40.000000 -27.960562
v -20.159554 40.000000 -27.438828
v -20.720503 40.000000 -26.888878
v -22.476875 40.000000 -23.489447
v -22.494215 40.000000 -23.249563
v -14.107763 40.000000 -30.983162
v -13.353697 40.000000 -31.203373
v -12.589725 40.000000 -31.386282
v -11.817690 40.000000 -31.531446
v -11.039457 40.000000 -31.638515
v -10.256905 40.000000 -31.707232
v -9.471922 40.000000 -31.737427
v -8.686403 40.000000 -31.729031
v -7.902245 40.000000 -31.682062
v -7.121340 40.000000 -31.596636
v -6.345574 40.000000 -31.472958
v -5.576819 40.000000 -31.311323
v -4.816930 40.000000 -31.112127
v -4.067743 40.000000 -30.875849
v -3.331065 40.000000 -30.603056
v -2.608675 40.000000 -30.294411
v -1.902316 40.000000 -29.950655
v -1.213694 40.000000 -29.572620
v -0.490625 40.000000 -29.128630
v -26.500000 40.000000 1.000000
v -26.303730 40.000000 0.995182
v -26.107931 40.000000 0.980739
v -25.913078 40.000000 0.956706
v 5.140137 40.000000 -4.036023
v 3.030068 40.000000 -27.258879
v 5.243133 40.000000 -4.142114
v 5.351232 40.000000 -4.243000
v 5.042492 40.000000 -3.924987
v 5.464170 40.000000 -4.338438
v 4.950438 40.000000 -3.809274
v 5.581674 40.000000 -4.428195
v 4.864197 40.000000 -3.689167
v -22.500000 40.000000 -3.000000
v 5.703457 40.000000 -4.512053
v 4.783979 40.000000 -3.564955
v 5.829225 40.000000 -4.589809
v 6.638488 40.000000 -25.564610
v 4.709978 40.000000 -3.436942
v 5.958671 40.000000 -4.661273
v 4.642375 40.000000 -3.305439
v 6.091481 40.000000 -4.726273
v 4.581333 40.000000 -3.170763
v 6.227332 40.000000 -4.784649
v 4.527001 40.000000 -3.033245
v 6.365895 40.000000 -4.836261
v 4.479512 40.000000 -2.893215
v 4.438980 40.000000 -2.751016
v 4.405503 40.000000 -2.606993
v 4.379163 40.000000 -2.461495
v 4.360024 40.000000 -2.314876
v 7.305815 40.000000 -5.135712
v 10.325895 40.000000 -24.049927
v 4.348134 40.000000 -2.167492
v -22.504818 40.000000 -2.803729
v 4.343519 40.000000 -2.019701
v -22.519260 40.000000 -2.607931
v 4.346192 40.000000 -1.871863
v 4.356146 40.000000 -1.724335
v -22.543295 40.000000 -2.413078
v 4.373358 40.000000 -1.577477
v -22.576859 40.000000 -2.219639
v 8.258760 40.000000 -5.390691
v 4.397784 40.000000 -1.431646
v -22.619875 40.000000 -2.028079
v 4.429366 40.000000 -1.287195
v -22.672239 40.000000 -1.838861
v 4.468028 40.000000 -1.144476
v -22.733824 40.000000 -1.652441
v 4.513674 40.000000 -1.003836
v -22.804482 40.000000 -1.469266
v 9.222630 40.000000 -5.600637
v 4.566195 40.000000 -0.865615
v -22.884043 40.000000 -1.289780
v 4.625462 40.000000 -0.730150
v -22.972315 40.000000 -1.114413
v 4.691332 40.000000 -0.597770
v -23.069086 40.000000 -0.943589
v 4.763646 40.000000 -0.468796
v -23.174122 40.000000 -0.777719
v 10.195294 40.000000 -5.765087
v 14.083360 40.000000 -22.718496
v 4.842226 40.000000 -0.343542
v -23.287170 40.000000 -0.617203
v 4.926882 40.000000 -0.222311
v -23.407959 40.000000 -0.462427
v 5.017408 40.000000 -0.105400
v -23.536196 40.000000 -0.313764
v 5.113585 40.000000 0.006910
v -23.671574 40.000000 -0.171573
v 11.174609 40.000000 -5.883677
v 5.215180 40.000000 0.114343
v -23.813765 40.000000 -0.036195
v 5.321944 40.000000 0.216641
v -23.962427 40.000000 0.092042
v 5.433619 40.000000 0.313554
v -24.117203 40.000000 0.212830
v 5.549934 40.000000 0.404846
v -24.277719 40.000000 0.325878
v 5.670606 40.000000 0.490297
v -24.443588 40.000000 0.430914
v 12.158412 40.000000 -5.956146
v 5.795341 40.000000 0.569698
v -24.614412 40.000000 0.527685
v 5.923837 40.000000 0.642856
v -24.789780 40.000000 0.615957
v 6.055782 40.000000 0.709594
v -24.969267 40.000000 0.695518
v 6.190855 40.000000 0.769750
v -25.152441 40.000000 0.766176
v 6.328728 40.000000 0.823177
v -25.338861 40.000000 0.827761
v 13.144533 40.000000 -5.982334
v 17.901779 40.000000 -21.573544
v 6.469066 40.000000 0.869747
v -25.528080 40.000000 0.880125
v 6.611528 40.000000 0.909344
v -25.719639 40.000000 0.923141
v 6.755768 40.000000 0.941874
v 6.901436 40.000000 0.967258
v 7.048177 40.000000 0.985433
v 14.130795 40.000000 -5.962183
v 15.115024 40.000000 -5.895738
v 16.095045 40.000000 -5.783145
v 17.068699 40.000000 -5.624653
v 21.771906 40.000000 -20.617844
v 18.033834 40.000000 -5.420611
v 18.988323 40.000000 -5.171470
v 19.930059 40.000000 -4.877779
v 25.684366 40.000000 -19.853710
v 23.678677 40.000000 -4.046434
v 29.629683 40.000000 -19.282993
v 27.543005 40.000000 -3.383129
v 31.435484 40.000000 -2.912372
v 33.598301 40.000000 -18.907078
v 35.346523 40.000000 -2.635322
v 37.580608 40.000000 -18.726870
v 39.266495 40.000000 -2.552663
v 41.566956 40.000000 -18.742809
v 43.185738 40.000000 -2.664597
v 45.547695 40.000000 -18.954857
v 47.094604 40.000000 -2.970849
v 50.983456 40.000000 -3.470664
v 49.513180 40.000000 -19.362499
v 76.617561 40.000000 -27.740173
v 76.537285 40.000000 -27.724663
v 76.458725 40.000000 -27.706144
v 76.382019 40.000000 -27.684788
v 76.699402 40.000000 -27.752520
v 76.307304 40.000000 -27.660761
v 76.234673 40.000000 -27.634245
v 76.782631 40.000000 -27.761553
v 76.164223 40.000000 -27.605417
v 76.867050 40.000000 -27.767134
v 76.105339 40.000000 -27.578865
v 76.952461 40.000000 -27.769142
v 76.048164 40.000000 -27.550846
v 77.642807 40.000000 -27.647800
v 77.558197 40.000000 -27.676571
v 77.472588 40.000000 -27.701481
v 77.726143 40.000000 -27.615236
v 77.386238 40.000000 -27.722490
v 77.807968 40.000000 -27.578964
v 77.299408 40.000000 -27.739576
v 77.888031 40.000000 -27.539099
v 77.212357 40.000000 -27.752747
v 77.966095 40.000000 -27.495771
v 77.125351 40.000000 -27.762028
v 77.038635 40.000000 -27.767469
v 78.041946 40.000000 -27.449133
v 54.842724 40.000000 -4.162812
v 53.453808 40.000000 -19.964748
v 78.115387 40.000000 -27.399353
v 78.186218 40.000000 -27.346621
v 78.548531 40.000000 -26.980040
v 78.496140 40.000000 -27.045982
v 78.440445 40.000000 -27.110294
v 78.597572 40.000000 -26.912704
v 78.381508 40.000000 -27.172743
v 78.643250 40.000000 -26.844202
v 78.319420 40.000000 -27.233099
v 78.690048 40.000000 -26.767002
v 78.254280 40.000000 -27.291130
v 78.848763 40.000000 -26.417461
v 78.816429 40.000000 -26.505098
v 78.779282 40.000000 -26.592806
v 78.876442 40.000000 -26.330223
v 78.737183 40.000000 -26.680233
v 58.662895 40.000000 -5.045588
v 57.360031 40.000000 -20.760145
v 79.113182 40.000000 -25.440786
v 79.306564 40.000000 -24.540930
v 72.453407 40.000000 -25.827774
v 79.456139 40.000000 -23.632763
v 62.434563 40.000000 -6.116816
v 61.222393 40.000000 -21.746765
v 79.561562 40.000000 -22.718418
v 79.622574 40.000000 -21.800041
v 79.639046 40.000000 -20.879786
v 66.148438 40.000000 -7.373858
v 79.610931 40.000000 -19.959814
v 79.538300 40.000000 -19.042282
v 69.795364 40.000000 -8.813619
v 65.031532 40.000000 -22.922215
v 79.421318 40.000000 -18.129345
v 68.778229 40.000000 -24.283651
v 79.260262 40.000000 -17.223145
v 79.055504 40.000000 -16.325806
v 73.366364 40.000000 -10.432551
v 78.807533 40.000000 -15.439437
v 78.129585 40.000000 -13.584035
v 78.157730 40.000000 -13.645766
v 78.184380 40.000000 -13.707893
v 78.075394 40.000000 -13.474486
v 76.852646 40.000000 -12.226666
v 78.516930 40.000000 -14.566115
v 78.016457 40.000000 -13.366686
v 77.952881 40.000000 -13.260934
v 77.197052 40.000000 -12.446569
v 76.982422 40.000000 -12.301852
v 77.096657 40.000000 -12.375518
v 77.294846 40.000000 -12.521996
v 77.389755 40.000000 -12.601656
v 77.654602 40.000000 -12.864223
v 77.735451 40.000000 -12.958901
v 77.812233 40.000000 -13.056759
v 77.481522 40.000000 -12.685377
v 77.884758 40.000000 -13.157529
v 77.569885 40.000000 -12.772970
v 7.343454 40.000000 1.000000
v 7.195636 40.000000 0.996356
v -63.500000 14.000000 17.000000
v -63.500000 -14.000000 17.000000
v -62.500000 15.000000 17.000000
v -62.500000 -15.000000 17.000000
v -34.500000 15.000000 17.000000
v -34.500000 -15.000000 17.000000
v -33.500000 14.000000 17.000000
v -33.500000 -14.000000 17.000000
v 7.343454 -39.000000 0.000000
v 77.500000 -39.000000 -0.000000
v 77.500000 39.000000 -0.000000
v -77.500000 39.000000 0.000000
v -77.500000 -39.000000 0.000000
v -26.500000 -39.000000 0.000000
v -26.140604 -39.666668 0.649011
v -25.784668 -39.666668 0.596213
v -26.173277 -39.333332 0.317282
v -26.352797 -39.000000 -0.003614
v -26.205948 -39.000000 -0.014446
v -26.059809 -39.000000 -0.032470
v -25.435623 -39.666668 0.508781
v -25.914728 -39.000000 -0.057644
v -25.849699 -39.333332 0.269284
v -25.771059 -39.000000 -0.089906
v -25.096827 -39.666668 0.387558
v -25.532385 -39.333332 0.189801
v -25.629147 -39.000000 -0.129179
v -25.489330 -39.000000 -0.175368
v -24.771545 -39.666668 0.233711
v -25.224388 -39.333332 0.079598
v -25.351950 -39.000000 -0.228361
v -25.217335 -39.000000 -0.288032
v -24.462910 -39.666668 0.048722
v -24.928677 -39.333332 -0.060262
v -25.085810 -39.000000 -0.354236
v -24.957691 -39.000000 -0.426814
v -24.173891 -39.666668 -0.165628
v -24.648100 -39.333332 -0.228435
v -24.833290 -39.000000 -0.505591
v -24.712902 -39.000000 -0.590377
v -23.907274 -39.666668 -0.407275
v -24.385355 -39.333332 -0.423298
v -24.596821 -39.000000 -0.680969
v -24.485323 -39.000000 -0.777147
v -23.665628 -39.666668 -0.673891
v -24.142977 -39.333332 -0.642977
v -24.378679 -39.000000 -0.878680
v -24.277147 -39.000000 -0.985323
v -23.451279 -39.666668 -0.962909
v -24.180969 -39.000000 -1.096820
v -23.923298 -39.333332 -0.885356
v -24.090378 -39.000000 -1.212902
v -23.266289 -39.666668 -1.271545
v -23.728436 -39.333332 -1.148099
v -24.005590 -39.000000 -1.333289
v -23.926815 -39.000000 -1.457692
v -23.112442 -39.666668 -1.596827
v -23.854237 -39.000000 -1.585810
v -23.560263 -39.333332 -1.428678
v -23.788033 -39.000000 -1.717335
v -22.991219 -39.666668 -1.935623
v -23.420401 -39.333332 -1.724389
v -23.728361 -39.000000 -1.851950
v -23.675367 -39.000000 -1.989330
v -22.903788 -39.666668 -2.284669
v -23.310200 -39.333332 -2.032384
v -23.629179 -39.000000 -2.129146
v -23.589907 -39.000000 -2.271060
v -22.850988 -39.666668 -2.640604
v -23.230715 -39.333332 -2.349699
v -23.557644 -39.000000 -2.414729
v -23.532471 -39.000000 -2.559808
v -23.182718 -39.333332 -2.673276
v -23.500000 -39.000000 -3.000000
v -23.514446 -39.000000 -2.705949
v -23.503614 -39.000000 -2.852797
v -23.500000 -39.000000 -23.009125
v -22.811653 -39.666668 -23.489536
v -23.143631 -39.333332 -23.519562
v -23.493059 -39.000000 -23.297651
v -23.472250 -39.000000 -23.585510
v -23.437624 -39.000000 -23.872036
v -22.746786 -39.666668 -23.966042
v -23.389259 -39.000000 -24.156565
v -23.074709 -39.333332 -24.025848
v -23.327269 -39.000000 -24.438438
v -22.639259 -39.666668 -24.434767
v -23.251795 -39.000000 -24.717007
v -22.960463 -39.333332 -24.523870
v -23.163012 -39.000000 -24.991621
v -22.489950 -39.666668 -24.891901
v -23.061127 -39.000000 -25.261650
v -22.801821 -39.333332 -25.009575
v -22.300070 -39.666668 -25.333727
v -22.946375 -39.000000 -25.526466
v -22.600075 -39.333332 -25.479015
v -22.819019 -39.000000 -25.785458
v -22.071163 -39.666668 -25.756655
v -22.679359 -39.000000 -26.038025
v -22.356861 -39.333332 -25.928375
v -22.527714 -39.000000 -26.283587
v -21.805090 -39.666668 -26.157242
v -22.074158 -39.333332 -26.354000
v -22.004519 -39.000000 -26.972624
v -22.364435 -39.000000 -26.521568
v -22.189903 -39.000000 -26.751425
v 6.200061 -39.750000 -4.501030
v 5.963489 -39.750000 -4.378696
v 6.691748 -39.000000 -3.890841
v 6.304006 -39.500000 -4.273664
v 5.739860 -39.750000 -4.234051
v 6.088941 -39.500000 -4.162451
v 6.407951 -39.250000 -4.046298
v 6.599373 -39.000000 -3.856433
v 6.508805 -39.000000 -3.817515
v 6.420265 -39.000000 -3.774182
v 5.531272 -39.750000 -4.068452
v 5.885641 -39.500000 -4.030956
v 6.214392 -39.250000 -3.946206
v 6.333968 -39.000000 -3.726539
v 6.250123 -39.000000 -3.674702
v 5.339681 -39.750000 -3.883452
v 5.696016 -39.500000 -3.880411
v 6.031423 -39.250000 -3.827860
v 6.168934 -39.000000 -3.618797
v 6.090598 -39.000000 -3.558959
v 5.166884 -39.750000 -3.680786
v 5.521842 -39.500000 -3.712229
v 5.860759 -39.250000 -3.692370
v 6.015306 -39.000000 -3.495333
v 5.943240 -39.000000 -3.428076
v 5.014503 -39.750000 -3.462356
v 5.364754 -39.500000 -3.527987
v 5.704003 -39.250000 -3.541006
v 5.874576 -39.000000 -3.357349
v 5.809480 -39.000000 -3.283325
v 4.883965 -39.750000 -3.230209
v 5.226225 -39.500000 -3.329414
v 5.562624 -39.250000 -3.375189
v 5.748110 -39.000000 -3.206183
v 5.690616 -39.000000 -3.126111
v 4.776496 -39.750000 -2.986523
v 5.107555 -39.500000 -3.118371
v 5.437948 -39.250000 -3.196473
v 5.637137 -39.000000 -3.043303
v 5.587803 -39.000000 -2.957962
v 4.693105 -39.750000 -2.733585
v 5.009856 -39.500000 -2.896839
v 5.331145 -39.250000 -3.006534
v 5.542735 -39.000000 -2.870292
v 5.502040 -39.000000 -2.780509
v 4.634572 -39.750000 -2.473766
v 4.934045 -39.500000 -2.666895
v 5.243216 -39.250000 -2.807155
v 5.465819 -39.000000 -2.688830
v 5.434159 -39.000000 -2.595477
v 4.601446 -39.750000 -2.209503
v 4.880834 -39.500000 -2.430696
v 5.174986 -39.250000 -2.600206
v 5.407138 -39.000000 -2.500678
v 5.384820 -39.000000 -2.404662
v 4.594039 -39.750000 -1.943275
v 4.850719 -39.500000 -2.190457
v 5.127096 -39.250000 -2.387626
v 5.367260 -39.000000 -2.307663
v 5.354501 -39.000000 -2.209917
v 4.612421 -39.750000 -1.677579
v 4.843986 -39.500000 -1.948432
v 5.099993 -39.250000 -2.171411
v 5.346574 -39.000000 -2.111661
v 5.343497 -39.000000 -2.013134
v 4.656417 -39.750000 -1.414907
v 4.860696 -39.500000 -1.706890
v 5.093933 -39.250000 -1.953589
v 5.345280 -39.000000 -1.914575
v 5.351916 -39.000000 -1.816224
v 4.725617 -39.750000 -1.157724
v 4.900693 -39.500000 -1.468098
v 5.108972 -39.250000 -1.736201
v 5.363390 -39.000000 -1.718318
v 4.819371 -39.750000 -0.908440
v 4.963603 -39.500000 -1.234294
v 5.144969 -39.250000 -1.521288
v 5.379674 -39.000000 -1.621097
v 5.400729 -39.000000 -1.524797
v 4.936799 -39.750000 -0.669394
v 5.048833 -39.500000 -1.007673
v 5.201588 -39.250000 -1.310865
v 5.426503 -39.000000 -1.429651
v 5.456934 -39.000000 -1.335890
v 5.076800 -39.750000 -0.442829
v 5.155586 -39.500000 -0.790359
v 5.278295 -39.250000 -1.106905
v 5.491948 -39.000000 -1.243743
v 5.531460 -39.000000 -1.153433
v 5.238062 -39.750000 -0.230870
v 5.282860 -39.500000 -0.584390
v 5.374373 -39.250000 -0.911323
v 5.575373 -39.000000 -1.065180
v 5.623582 -39.000000 -0.979197
v 5.419071 -39.750000 -0.035503
v 5.429461 -39.500000 -0.391700
v 5.488919 -39.250000 -0.725951
v 5.675969 -39.000000 -0.895694
v 5.732406 -39.000000 -0.814874
v 5.618129 -39.750000 0.141437
v 5.594015 -39.500000 -0.214094
v 5.620861 -39.250000 -0.552530
v 5.792757 -39.000000 -0.736933
v 5.856875 -39.000000 -0.662060
v 5.833370 -39.750000 0.298292
v 5.774977 -39.500000 -0.053239
v 5.995781 -39.000000 -0.522239
v 5.768959 -39.250000 -0.392685
v 5.924605 -39.000000 -0.590438
v 6.062775 -39.750000 0.433590
v 5.970650 -39.500000 0.089356
v 6.070231 -39.000000 -0.457631
v 5.931824 -39.250000 -0.247915
v 6.147774 -39.000000 -0.396769
v 6.304192 -39.750000 0.546062
v 6.179200 -39.500000 0.212354
v 6.228222 -39.000000 -0.339802
v 6.107931 -39.250000 -0.119579
v 6.311379 -39.000000 -0.286868
v 6.555356 -39.750000 0.634654
v 6.398670 -39.500000 0.314602
v 6.397043 -39.000000 -0.238096
v 6.295626 -39.250000 -0.008881
v 6.485006 -39.000000 -0.193604
v 6.813912 -39.750000 0.698534
v 6.627001 -39.500000 0.395140
v 6.493148 -39.250000 0.083142
v 6.575055 -39.000000 -0.153500
v 6.666970 -39.000000 -0.117882
v 7.077436 -39.750000 0.737103
v 6.862053 -39.500000 0.453213
v 6.760529 -39.000000 -0.086836
v 6.698647 -39.250000 0.155626
v 6.855504 -39.000000 -0.060437
v 7.101619 -39.500000 0.488276
v 6.951663 -39.000000 -0.038750
v 6.910193 -39.250000 0.207891
v 7.048775 -39.000000 -0.021828
v 7.146603 -39.000000 -0.009711
v 7.125803 -39.250000 0.239448
v 7.244909 -39.000000 -0.002429
v -21.437904 -39.000000 -27.585539
v -20.841871 -39.000000 -28.169884
v -20.217855 -39.000000 -28.724249
v -19.567366 -39.000000 -29.247295
v -18.891970 -39.000000 -29.737761
v -18.193298 -39.000000 -30.194460
v -17.473038 -39.000000 -30.616293
v -16.732929 -39.000000 -31.002237
v -15.974757 -39.000000 -31.351366
v -15.200352 -39.000000 -31.662834
v -14.411583 -39.000000 -31.935890
v -13.610354 -39.000000 -32.169876
v -12.798601 -39.000000 -32.364223
v -11.978281 -39.000000 -32.518467
v -11.151375 -39.000000 -32.632233
v -10.319880 -39.000000 -32.705246
v -9.485802 -39.000000 -32.737331
v -8.651155 -39.000000 -32.728409
v -7.817952 -39.000000 -32.678505
v -6.988207 -39.000000 -32.587734
v -6.163922 -39.000000 -32.456322
v -5.347086 -39.000000 -32.284576
v -4.539672 -39.000000 -32.072922
v -3.743628 -39.000000 -31.821865
v -2.960876 -39.000000 -31.532013
v -2.193305 -39.000000 -31.204063
v -1.442769 -39.000000 -30.838808
v -0.711078 -39.000000 -30.437132
v -0.000000 -39.000000 -30.000000
v 19.610001 -39.000000 -3.930382
v 18.713108 -39.000000 -4.210087
v 17.804071 -39.000000 -4.447364
v 16.884895 -39.000000 -4.641690
v 15.957606 -39.000000 -4.792635
v 15.024252 -39.000000 -4.899867
v 14.086891 -39.000000 -4.963148
v 13.147593 -39.000000 -4.982339
v 12.208431 -39.000000 -4.957398
v 11.271476 -39.000000 -4.888380
v 10.338795 -39.000000 -4.775437
v 9.412448 -39.000000 -4.618818
v 8.494477 -39.000000 -4.418869
v 7.586910 -39.000000 -4.176032
v 3.477227 -39.000000 -28.153334
v 7.041099 -39.000000 -26.479980
v 10.682983 -39.000000 -24.983997
v 14.394058 -39.000000 -23.669004
v 18.165337 -39.000000 -22.538187
v 21.987684 -39.000000 -21.594286
v 25.851843 -39.000000 -20.839586
v 29.748451 -39.000000 -20.275917
v 33.668076 -39.000000 -19.904640
v 37.601215 -39.000000 -19.726658
v 41.538353 -39.000000 -19.742401
v 45.469948 -39.000000 -19.951830
v 49.386475 -39.000000 -20.354441
v 53.278450 -39.000000 -20.949253
v 57.136452 -39.000000 -21.734831
v 60.951126 -39.000000 -22.709269
v 64.713242 -39.000000 -23.870209
v 68.413681 -39.000000 -25.214836
v 72.043488 -39.000000 -26.739897
v 75.593864 -39.000000 -28.441696
v 77.332153 -39.000000 -11.349130
v 73.801743 -39.000000 -9.532303
v 70.185539 -39.000000 -7.892879
v 66.492447 -39.000000 -6.434893
v 62.731564 -39.000000 -5.161939
v 58.912151 -39.000000 -4.077150
v 55.043625 -39.000000 -3.183201
v 51.135506 -39.000000 -2.482292
v 47.197426 -39.000000 -1.976149
v 43.239086 -39.000000 -1.666021
v 39.270229 -39.000000 -1.552670
v 35.300640 -39.000000 -1.636376
v 31.340092 -39.000000 -1.916932
v 27.398340 -39.000000 -2.393648
v 23.485096 -39.000000 -3.065350
v 75.718575 -39.000000 -28.501709
v 75.848587 -39.000000 -28.556971
v 75.983711 -39.000000 -28.606958
v 76.123688 -39.000000 -28.651157
v 76.268196 -39.000000 -28.689056
v 76.401825 -39.000000 -28.717373
v 76.524704 -39.000000 -28.737871
v 76.649803 -39.000000 -28.753401
v 76.776825 -39.000000 -28.763746
v 76.905472 -39.000000 -28.768709
v 77.035416 -39.000000 -28.768116
v 77.166290 -39.000000 -28.761820
v 77.297737 -39.000000 -28.749706
v 77.429382 -39.000000 -28.731684
v 77.560814 -39.000000 -28.707705
v 77.691643 -39.000000 -28.677746
v 77.821457 -39.000000 -28.641827
v 77.949860 -39.000000 -28.600002
v 78.076447 -39.000000 -28.552364
v 78.200829 -39.000000 -28.499035
v 78.322617 -39.000000 -28.440182
v 78.441460 -39.000000 -28.375994
v 78.557014 -39.000000 -28.306700
v 78.668961 -39.000000 -28.232552
v 78.777000 -39.000000 -28.153833
v 78.880867 -39.000000 -28.070845
v 78.980331 -39.000000 -27.983906
v 79.075188 -39.000000 -27.893356
v 79.165268 -39.000000 -27.799540
v 79.250427 -39.000000 -27.702816
v 79.330574 -39.000000 -27.603540
v 79.405624 -39.000000 -27.502075
v 79.475548 -39.000000 -27.398773
v 79.540329 -39.000000 -27.293987
v 79.599991 -39.000000 -27.188059
v 79.654572 -39.000000 -27.081316
v 79.704147 -39.000000 -26.974077
v 79.748802 -39.000000 -26.866642
v 79.788651 -39.000000 -26.759295
v 79.813576 -39.000000 -26.684900
v 79.836288 -39.000000 -26.610762
v 79.026451 -39.000000 -13.141412
v 79.107796 -39.000000 -13.324098
v 78.944931 -39.000000 -12.979543
v 78.864914 -39.000000 -12.836403
v 78.778732 -39.000000 -12.696087
v 78.686531 -39.000000 -12.558990
v 78.588501 -39.000000 -12.425491
v 78.484856 -39.000000 -12.295961
v 78.375847 -39.000000 -12.170747
v 78.261742 -39.000000 -12.050175
v 78.142853 -39.000000 -11.934550
v 78.019501 -39.000000 -11.824148
v 77.892029 -39.000000 -11.719217
v 77.760803 -39.000000 -11.619977
v 77.626213 -39.000000 -11.526611
v 77.488625 -39.000000 -11.439275
v 77.410759 -39.000000 -11.393238
v 80.085480 -39.000000 -25.674513
v 80.289040 -39.000000 -24.727295
v 80.446495 -39.000000 -23.771330
v 80.557465 -39.000000 -22.808861
v 80.621689 -39.000000 -21.842148
v 80.639030 -39.000000 -20.873459
v 80.609436 -39.000000 -19.905067
v 80.532974 -39.000000 -18.939245
v 80.409836 -39.000000 -17.978258
v 80.240303 -39.000000 -17.024363
v 80.024773 -39.000000 -16.079796
v 79.763756 -39.000000 -15.146775
v 79.457855 -39.000000 -14.227490
v 68.500000 31.000000 14.000000
v 68.500000 -31.000000 14.000000
v 68.500000 31.000000 6.000000
v 68.500000 -31.000000 6.000000
v 7.343454 39.000000 0.000000
v -26.500000 39.000000 0.000000
v -77.500000 35.000000 4.000000
v -77.500000 -35.000000 4.000000
v -77.500000 36.000000 5.000000
v -77.500000 -36.000000 5.000000
v -77.500000 36.000000 15.000000
v -77.500000 -36.000000 15.000000
v -77.500000 35.000000 16.000000
v -77.500000 -35.000000 16.000000
v -22.850988 39.666668 -2.640604
v -22.903788 39.666668 -2.284669
v -23.500000 39.000000 -3.000000
v -23.182718 39.333332 -2.673276
v -23.503614 39.000000 -2.852797
v -23.514446 39.000000 -2.705949
v -23.532471 39.000000 -2.559808
v -22.991219 39.666668 -1.935623
v -23.557644 39.000000 -2.414729
v -23.230715 39.333332 -2.349699
v -23.589907 39.000000 -2.271060
v -23.112442 39.666668 -1.596827
v -23.310200 39.333332 -2.032384
v -23.629179 39.000000 -2.129146
v -23.675367 39.000000 -1.989330
v -23.266289 39.666668 -1.271545
v -23.420401 39.333332 -1.724389
v -23.728361 39.000000 -1.851950
v -23.788033 39.000000 -1.717335
v -23.451279 39.666668 -0.962909
v -23.560263 39.333332 -1.428678
v -23.854237 39.000000 -1.585810
v -23.926815 39.000000 -1.457692
v -23.665628 39.666668 -0.673891
v -23.728436 39.333332 -1.148099
v -24.005590 39.000000 -1.333289
v -24.090378 39.000000 -1.212902
v -23.907274 39.666668 -0.407275
v -23.923298 39.333332 -0.885356
v -24.180969 39.000000 -1.096820
v -24.277147 39.000000 -0.985323
v -24.173891 39.666668 -0.165628
v -24.142977 39.333332 -0.642977
v -24.378679 39.000000 -0.878680
v -24.485323 39.000000 -0.777147
v -24.462910 39.666668 0.048722
v -24.596821 39.000000 -0.680969
v -24.385355 39.333332 -0.423298
v -24.712902 39.000000 -0.590377
v -24.771545 39.666668 0.233711
v -24.648100 39.333332 -0.228435
v -24.833290 39.000000 -0.505591
v -24.957691 39.000000 -0.426814
v -25.096827 39.666668 0.387558
v -25.085810 39.000000 -0.354236
v -24.928677 39.333332 -0.060262
v -25.217335 39.000000 -0.288032
v -25.435623 39.666668 0.508781
v -25.351950 39.000000 -0.228361
v -25.224388 39.333332 0.079598
v -25.489330 39.000000 -0.175368
v -25.784668 39.666668 0.596213
v -25.532385 39.333332 0.189801
v -25.629147 39.000000 -0.129179
v -25.771059 39.000000 -0.089906
v -26.140604 39.666668 0.649011
v -25.849699 39.333332 0.269284
v -25.914728 39.000000 -0.057644
v -26.059809 39.000000 -0.032470
v -26.173277 39.333332 0.317282
v -26.205948 39.000000 -0.014446
v -26.352797 39.000000 -0.003614
v -23.500000 39.000000 -23.009125
v -21.805090 39.666668 -26.157242
v -22.004519 39.000000 -26.972624
v -22.074158 39.333332 -26.354000
v -22.189903 39.000000 -26.751425
v -22.364435 39.000000 -26.521568
v -22.527714 39.000000 -26.283587
v -22.071163 39.666668 -25.756655
v -22.679359 39.000000 -26.038025
v -22.356861 39.333332 -25.928375
v -22.819019 39.000000 -25.785458
v -22.300070 39.666668 -25.333727
v -22.946375 39.000000 -25.526466
v -22.600075 39.333332 -25.479015
v -23.061127 39.000000 -25.261650
v -22.489950 39.666668 -24.891901
v -23.163012 39.000000 -24.991621
v -22.801821 39.333332 -25.009575
v -22.639259 39.666668 -24.434767
v -23.251795 39.000000 -24.717007
v -22.960463 39.333332 -24.523870
v -23.327269 39.000000 -24.438438
v -22.746786 39.666668 -23.966042
v -23.389259 39.000000 -24.156565
v -23.074709 39.333332 -24.025848
v -23.437624 39.000000 -23.872036
v -22.811653 39.666668 -23.489536
v -23.143631 39.333332 -23.519562
v -23.472250 39.000000 -23.585510
v -23.493059 39.000000 -23.297651
v 7.077436 39.750000 0.737103
v 6.813912 39.750000 0.698534
v 7.101619 39.500000 0.488276
v 6.555356 39.750000 0.634654
v 6.862053 39.500000 0.453213
v 7.125803 39.250000 0.239448
v 7.244909 39.000000 -0.002429
v 7.146603 39.000000 -0.009711
v 7.048775 39.000000 -0.021828
v 6.304192 39.750000 0.546062
v 6.627001 39.500000 0.395140
v 6.910193 39.250000 0.207891
v 6.951663 39.000000 -0.038750
v 6.855504 39.000000 -0.060437
v 6.062775 39.750000 0.433590
v 6.398670 39.500000 0.314602
v 6.698647 39.250000 0.155626
v 6.760529 39.000000 -0.086836
v 6.666970 39.000000 -0.117882
v 5.833370 39.750000 0.298292
v 6.179200 39.500000 0.212354
v 6.493148 39.250000 0.083142
v 6.575055 39.000000 -0.153500
v 6.485006 39.000000 -0.193604
v 5.618129 39.750000 0.141437
v 5.970650 39.500000 0.089356
v 6.295626 39.250000 -0.008881
v 6.397043 39.000000 -0.238096
v 6.311379 39.000000 -0.286868
v 5.419071 39.750000 -0.035503
v 5.774977 39.500000 -0.053239
v 6.107931 39.250000 -0.119579
v 6.228222 39.000000 -0.339802
v 6.147774 39.000000 -0.396769
v 5.238062 39.750000 -0.230870
v 5.594015 39.500000 -0.214094
v 5.931824 39.250000 -0.247915
v 6.070231 39.000000 -0.457631
v 5.995781 39.000000 -0.522239
v 5.076800 39.750000 -0.442829
v 5.429461 39.500000 -0.391700
v 5.924605 39.000000 -0.590438
v 5.768959 39.250000 -0.392685
v 5.856875 39.000000 -0.662060
v 4.936799 39.750000 -0.669394
v 5.282860 39.500000 -0.584390
v 5.620861 39.250000 -0.552530
v 5.792757 39.000000 -0.736933
v 5.732406 39.000000 -0.814874
v 4.819371 39.750000 -0.908440
v 5.155586 39.500000 -0.790359
v 5.488919 39.250000 -0.725951
v 5.675969 39.000000 -0.895694
v 5.623582 39.000000 -0.979197
v 4.725617 39.750000 -1.157724
v 5.048833 39.500000 -1.007673
v 5.374373 39.250000 -0.911323
v 5.575373 39.000000 -1.065180
v 5.531460 39.000000 -1.153433
v 4.656417 39.750000 -1.414907
v 4.963603 39.500000 -1.234294
v 5.278295 39.250000 -1.106905
v 5.491948 39.000000 -1.243743
v 5.456934 39.000000 -1.335890
v 4.612421 39.750000 -1.677579
v 4.900693 39.500000 -1.468098
v 5.201588 39.250000 -1.310865
v 5.426503 39.000000 -1.429651
v 5.400729 39.000000 -1.524797
v 4.594039 39.750000 -1.943275
v 4.860696 39.500000 -1.706890
v 5.144969 39.250000 -1.521288
v 5.379674 39.000000 -1.621097
v 4.601446 39.750000 -2.209503
v 4.843986 39.500000 -1.948432
v 5.108972 39.250000 -1.736201
v 5.363390 39.000000 -1.718318
v 5.351916 39.000000 -1.816224
v 4.634572 39.750000 -2.473766
v 4.850719 39.500000 -2.190457
v 5.093933 39.250000 -1.953589
v 5.345280 39.000000 -1.914575
v 5.343497 39.000000 -2.013134
v 4.693105 39.750000 -2.733585
v 4.880834 39.500000 -2.430696
v 5.099993 39.250000 -2.171411
v 5.346574 39.000000 -2.111661
v 5.354501 39.000000 -2.209917
v 4.776496 39.750000 -2.986523
v 4.934045 39.500000 -2.666895
v 5.127096 39.250000 -2.387626
v 5.367260 39.000000 -2.307663
v 5.384820 39.000000 -2.404662
v 4.883965 39.750000 -3.230209
v 5.009856 39.500000 -2.896839
v 5.174986 39.250000 -2.600206
v 5.407138 39.000000 -2.500678
v 5.434159 39.000000 -2.595477
v 5.014503 39.750000 -3.462356
v 5.107555 39.500000 -3.118371
v 5.243216 39.250000 -2.807155
v 5.465819 39.000000 -2.688830
v 5.502040 39.000000 -2.780509
v 5.166884 39.750000 -3.680786
v 5.226225 39.500000 -3.329414
v 5.587803 39.000000 -2.957962
v 5.331145 39.250000 -3.006534
v 5.542735 39.000000 -2.870292
v 5.339681 39.750000 -3.883452
v 5.364754 39.500000 -3.527987
v 5.637137 39.000000 -3.043303
v 5.437948 39.250000 -3.196473
v 5.690616 39.000000 -3.126111
v 5.531272 39.750000 -4.068452
v 5.521842 39.500000 -3.712229
v 5.748110 39.000000 -3.206183
v 5.562624 39.250000 -3.375189
v 5.809480 39.000000 -3.283325
v 5.739860 39.750000 -4.234051
v 5.696016 39.500000 -3.880411
v 5.874576 39.000000 -3.357349
v 5.704003 39.250000 -3.541006
v 5.943240 39.000000 -3.428076
v 5.963489 39.750000 -4.378696
v 5.885641 39.500000 -4.030956
v 6.015306 39.000000 -3.495333
v 5.860759 39.250000 -3.692370
v 6.090598 39.000000 -3.558959
v 6.200061 39.750000 -4.501030
v 6.088941 39.500000 -4.162451
v 6.168934 39.000000 -3.618797
v 6.031423 39.250000 -3.827860
v 6.250123 39.000000 -3.674702
v 6.304006 39.500000 -4.273664
v 6.691748 39.000000 -3.890841
v 6.333968 39.000000 -3.726539
v 6.214392 39.250000 -3.946206
v 6.420265 39.000000 -3.774182
v 6.508805 39.000000 -3.817515
v 6.407951 39.250000 -4.046298
v 6.599373 39.000000 -3.856433
v 0.000000 39.000000 -30.000000
v -0.711078 39.000000 -30.437132
v -1.442769 39.000000 -30.838808
v -2.193305 39.000000 -31.204063
v -2.960876 39.000000 -31.532013
v -3.743628 39.000000 -31.821865
v -4.539672 39.000000 -32.072922
v -5.347086 39.000000 -32.284576
v -6.163922 39.000000 -32.456322
v -6.988207 39.000000 -32.587734
v -7.817952 39.000000 -32.678505
v -8.651155 39.000000 -32.728409
v -9.485802 39.000000 -32.737331
v -10.319880 39.000000 -32.705246
v -11.151375 39.000000 -32.632233
v -11.978281 39.000000 -32.518467
v -12.798601 39.000000 -32.364223
v -13.610354 39.000000 -32.169876
v -14.411583 39.000000 -31.935890
v -15.200352 39.000000 -31.662834
v -15.974757 39.000000 -31.351366
v -16.732929 39.000000 -31.002237
v -17.473038 39.000000 -30.616293
v -18.193298 39.000000 -30.194460
v -18.891970 39.000000 -29.737761
v -19.567366 39.000000 -29.247295
v -20.217855 39.000000 -28.724249
v -20.841871 39.000000 -28.169884
v -21.437904 39.000000 -27.585539
v 7.586910 39.000000 -4.176032
v 8.494477 39.000000 -4.418869
v 9.412448 39.000000 -4.618818
v 10.338795 39.000000 -4.775437
v 11.271476 39.000000 -4.888380
v 12.208431 39.000000 -4.957398
v 13.147593 39.000000 -4.982339
v 14.086891 39.000000 -4.963148
v 15.024252 39.000000 -4.899867
v 15.957606 39.000000 -4.792635
v 16.884895 39.000000 -4.641690
v 17.804071 39.000000 -4.447364
v 18.713108 39.000000 -4.210087
v 19.610001 39.000000 -3.930382
v 75.593864 39.000000 -28.441696
v 72.043488 39.000000 -26.739897
v 68.413681 39.000000 -25.214836
v 64.713242 39.000000 -23.870209
v 60.951126 39.000000 -22.709269
v 57.136452 39.000000 -21.734831
v 53.278450 39.000000 -20.949253
v 49.386475 39.000000 -20.354441
v 45.469948 39.000000 -19.951830
v 41.538353 39.000000 -19.742401
v 37.601215 39.000000 -19.726658
v 33.668076 39.000000 -19.904640
v 29.748451 39.000000 -20.275917
v 25.851843 39.000000 -20.839586
v 21.987684 39.000000 -21.594286
v 18.165337 39.000000 -22.538187
v 14.394058 39.000000 -23.669004
v 10.682983 39.000000 -24.983997
v 7.041099 39.000000 -26.479980
v 3.477227 39.000000 -28.153334
v 23.485096 39.000000 -3.065350
v 27.398340 39.000000 -2.393648
v 31.340092 39.000000 -1.916932
v 35.300640 39.000000 -1.636376
v 39.270229 39.000000 -1.552670
v 43.239086 39.000000 -1.666021
v 47.197426 39.000000 -1.976149
v 51.135506 39.000000 -2.482292
v 55.043625 39.000000 -3.183201
v 58.912151 39.000000 -4.077150
v 62.731564 39.000000 -5.161939
v 66.492447 39.000000 -6.434893
v 70.185539 39.000000 -7.892879
v 73.801743 39.000000 -9.532303
v 77.332153 39.000000 -11.349130
v 79.836288 39.000000 -26.610762
v 79.794411 39.000000 -26.742670
v 79.745430 39.000000 -26.875181
v 79.689117 39.000000 -27.007790
v 79.625252 39.000000 -27.139957
v 79.553703 39.000000 -27.271107
v 79.482643 39.000000 -27.387762
v 79.413261 39.000000 -27.491236
v 79.338745 39.000000 -27.592913
v 79.259140 39.000000 -27.692436
v 79.174500 39.000000 -27.789448
v 79.084938 39.000000 -27.883587
v 78.990578 39.000000 -27.974499
v 78.891594 39.000000 -28.061836
v 78.788177 39.000000 -28.145258
v 78.680565 39.000000 -28.224443
v 78.569023 39.000000 -28.299086
v 78.453842 39.000000 -28.368906
v 78.335327 39.000000 -28.433643
v 78.213829 39.000000 -28.493073
v 78.089706 39.000000 -28.546993
v 77.963333 39.000000 -28.595240
v 77.835106 39.000000 -28.637684
v 77.705421 39.000000 -28.674229
v 77.574677 39.000000 -28.704819
v 77.443291 39.000000 -28.729431
v 77.311653 39.000000 -28.748081
v 77.180168 39.000000 -28.760817
v 77.049210 39.000000 -28.767723
v 76.919151 39.000000 -28.768911
v 76.790352 39.000000 -28.764528
v 76.663139 39.000000 -28.754744
v 76.537827 39.000000 -28.739752
v 76.414696 39.000000 -28.719769
v 76.294014 39.000000 -28.695026
v 76.176010 39.000000 -28.665771
v 76.060905 39.000000 -28.632265
v 75.948868 39.000000 -28.594772
v 75.840057 39.000000 -28.553566
v 75.734619 39.000000 -28.508923
v 75.663391 39.000000 -28.476027
v 77.505188 39.000000 -11.449377
v 77.657509 39.000000 -11.547599
v 77.791359 39.000000 -11.642333
v 77.921753 39.000000 -11.742903
v 78.048302 39.000000 -11.849114
v 78.170662 39.000000 -11.960744
v 78.288475 39.000000 -12.077535
v 78.401428 39.000000 -12.199203
v 78.509224 39.000000 -12.325443
v 78.611603 39.000000 -12.455919
v 78.708305 39.000000 -12.590280
v 78.799133 39.000000 -12.728153
v 78.883904 39.000000 -12.869154
v 78.962479 39.000000 -13.012888
v 79.034744 39.000000 -13.158952
v 79.072266 39.000000 -13.241261
v 79.107796 39.000000 -13.324098
v 79.457855 39.000000 -14.227490
v 79.763756 39.000000 -15.146775
v 80.024773 39.000000 -16.079796
v 80.240303 39.000000 -17.024363
v 80.409836 39.000000 -17.978258
v 80.532974 39.000000 -18.939245
v 80.609436 39.000000 -19.905067
v 80.639030 39.000000 -20.873459
v 80.621689 39.000000 -21.842148
v 80.557465 39.000000 -22.808861
v 80.446495 39.000000 -23.771330
v 80.289040 39.000000 -24.727295
v 80.085480 39.000000 -25.674513
v -64.500000 -14.000000 16.000000
v -64.500000 14.000000 16.000000
v -62.500000 16.000000 16.000000
v -62.500000 -16.000000 16.000000
v -34.500000 16.000000 16.000000
v -34.500000 -16.000000 16.000000
v -32.500000 14.000000 16.000000
v -32.500000 -14.000000 16.000000
v -64.500000 -14.000000 0.000000
v -62.500000 -16.000000 0.000000
v -34.500000 -16.000000 0.000000
v -32.500000 -14.000000 0.000000
v -64.500000 14.000000 0.000000
v -62.500000 16.000000 0.000000
v -34.500000 16.000000 0.000000
v -32.500000 14.000000 0.000000
v 68.500000 34.585785 5.000000
v 68.500000 35.000000 5.414214
v 68.500000 35.000000 14.585787
v 68.500000 34.585785 15.000000
v 68.500000 -34.585785 5.000000
v 68.500000 -35.000000 5.414214
v 68.500000 -35.000000 14.585787
v 68.500000 -34.585785 15.000000
v 67.500000 35.000000 4.000000
v -32.500000 14.000000 4.000000
v 67.500000 -35.000000 4.000000
v -34.500000 16.000000 4.000000
v -62.500000 16.000000 4.000000
v -32.500000 -14.000000 4.000000
v -34.500000 -16.000000 4.000000
v -64.500000 14.000000 4.000000
v -64.500000 -14.000000 4.000000
v -62.500000 -16.000000 4.000000
v 67.500000 36.000000 5.000000
v 67.500000 -36.000000 5.000000
v 67.500000 36.000000 15.000000
v 67.500000 -36.000000 15.000000
v 67.500000 35.000000 16.000000
v 67.500000 -35.000000 16.000000
v -34.500000 15.000000 1.000000
v -62.500000 15.000000 1.000000
v -33.500000 14.000000 1.000000
v -63.500000 14.000000 1.000000
v -33.500000 -14.000000 1.000000
v -63.500000 -14.000000 1.000000
v -34.500000 -15.000000 1.000000
v -62.500000 -15.000000 1.000000
v -34.500000 15.000000 3.000000
v -62.500000 15.000000 3.000000
v -63.500000 14.000000 3.000000
v -33.500000 14.000000 3.000000
v -63.500000 -14.000000 3.000000
v -33.500000 -14.000000 3.000000
v -62.500000 -15.000000 3.000000
v -34.500000 -15.000000 3.000000
vn 0.000000 0.000000 1.000000
vn 0.000000 0.000000 1.000000
vn 0.000000 0.000000 1.000000
vn 0.000000 0.000000 1.000000
vn 0.000000 0.000000 1.000000
vn 0.000000 0.000000 1.000000
vn 0.000000 0.000000 1.000000
vn 0.000000 0.000000 1.000000
vn 0.000000 0.000000 1.000000
vn 0.000000 0.000000 1.000000
vn 0.000000 0.000000 1.000000
vn 0.000000 0.000000 1.000000
vn 0.000000 -0.707107 0.707107
vn 0.000000 -0.707107 0.707107
vn 0.000000 -0.707107 0.707107
vn 0.000000 -0.707107 0.707107
vn 0.707107 0.000000 0.707107
vn 0.707107 -0.000000 0.707107
vn 0.707107 0.000000 0.707107
vn 0.707107 -0.000000 0.707107
vn -0.707107 0.000000 0.707107
vn -0.707107 0.000000 0.707107
vn -0.707107 0.000000 0.707107
vn -0.707107 0.000000 0.707107
vn 0.000000 0.707107 0.707107
vn 0.000000 0.707107 0.707107
vn 0.000000 0.707107 0.707107
vn 0.000000 0.707107 0.707107
vn 0.707107 -0.000000 0.707107
vn 0.707107 -0.000000 0.707107
vn 0.577350 -0.577350 0.577350
vn 0.577350 -0.577350 0.577350
vn 0.577350 0.577350 0.577350
vn 0.577350 0.577350 0.577350
vn 0.000000 -0.707107 0.707107
vn 0.000000 -0.707107 0.707107
vn 0.000000 0.707107 0.707107
vn 0.000000 0.707107 0.707107
vn -0.577350 -0.577350 0.577350
vn -0.577350 -0.577350 0.577350
vn -0.577350 0.577350 0.577350
vn -0.577350 0.577350 0.577350
vn -0.707107 0.000000 0.707107
vn -0.707107 0.000000 0.707107
vn 0.707107 -0.707107 0.000000
vn 0.707107 -0.707107 0.000000
vn 0.707107 -0.707107 0.000000
vn 0.707107 -0.707107 0.000000
vn -0.707107 -0.707107 0.000000
vn -0.707107 -0.707107 0.000000
vn -0.707107 -0.707107 0.000000
vn -0.707107 -0.707107 0.000000
vn 0.000000 -1.000000 0.000000
vn 0.000000 -1.000000 0.000000
vn 0.000000 -1.000000 0.000000
vn 0.000000 -1.000000 0.000000
vn 0.000000 -1.000000 0.000000
vn 0.000000 -1.000000 0.000000
vn 0.000000 -1.000000 0.000000
vn 0.000000 -1.000000 0.000000
vn 0.000000 -1.000000 0.000000
vn 0.000000 -1.000000 0.000000
vn 0.000000 -1.000000 0.000000
vn 0.000000 -1.000000 0.000000
vn 0.000000 -1.000000 0.000000
vn 0.000000 -1.000000 0.000000
vn 0.000000 -1.000000 0.000000
vn 0.000000 -1.000000 0.000000
vn 0.000000 -1.000000 0.000000
vn 0.000000 -1.000000 0.000000
vn 0.000000 -1.000000 0.000000
vn 0.000000 -1.000000 0.000000
vn 0.000000 -1.000000 0.000000
vn -0.000000 -1.000000 0.000000
vn 0.000000 -1.000000 0.000000
vn 0.000000 -1.000000 0.000000
vn 0.000000 -1.000000 0.000000
vn -0.000000 -1.000000 0.000000
vn 0.000000 -1.000000 0.000000
vn 0.000000 -1.000000 0.000000
vn 0.000000 -1.000000 0.000000
vn -0.000000 -1.000000 0.000000
vn 0.000000 -1.000000 0.000000
vn 0.000000 -1.000000 0.000000
vn 0.000000 -1.000000 0.000000
vn -0.000000 -1.000000 0.000000
vn 0.000000 -1.000000 0.000000
vn 0.000000 -1.000000 0.000000
vn 0.000000 -1.000000 0.000000
vn -0.000000 -1.000000 0.000000
vn 0.000000 -1.000000 0.000000
vn 0.000000 -1.000000 0.000000
vn 0.000000 -1.000000 0.000000
vn -0.000000 -1.000000 0.000000
vn 0.000000 -1.000000 0.000000
vn 0.000000 -1.000000 0.000000
vn 0.000000 -1.000000 0.000000
vn -0.000000 -1.000000 0.000000
vn 0.000000 -1.000000 0.000000
vn 0.000000 -1.000000 0.000000
vn 0.000000 -1.000000 0.000000
vn -0.000000 -1.000000 0.000000
vn 0.000000 -1.000000 0.000000
vn -0.000000 -1.000000 0.000000
vn 0.000000 -1.000000 0.000000
vn 0.000000 -1.000000 0.000000
vn -0.000000 -1.000000 0.000000
vn -0.000000 -1.000000 0.000000
vn 0.000000 -1.000000 0.000000
vn 0.000000 -1.000000 0.000000
vn -0.000000 -1.000000 0.000000
vn 0.000000 -1.000000 0.000000
vn -0.000000 -1.000000 0.000000
vn 0.000000 -1.000000 0.000000
vn -0.000000 -1.000000 0.000000
vn 0.000000 -1.000000 0.000000
vn -0.000000 -1.000000 0.000000
vn 0.000000 -1.000000 0.000000
vn -0.000000 -1.000000 0.000000
vn 0.000000 -1.000000 0.000000
vn -0.000000 -1.000000 0.000000
vn 0.000000 -1.000000 0.000000
vn -0.000000 -1.000000 0.000000
vn -0.000000 -1.000000 0.000000
vn -0.000000 -1.000000 0.000000
vn 0.000000 -1.000000 0.000000
vn 0.000000 -1.000000 0.000000
vn -0.000000 -1.000000 0.000000
vn 0.000000 -1.000000 0.000000
vn -0.000000 -1.000000 0.000000
vn 0.000000 -1.000000 0.000000
vn -0.000000 -1.000000 0.000000
vn -0.000000 -1.000000 0.000000
vn -0.000000 -1.000000 0.000000
vn -0.000000 -1.000000 0.000000
vn -0.000000 -1.000000 0.000000
vn 0.000000 -1.000000 0.000000
vn -0.000000 -1.000000 0.000000
vn 0.000000 -1.000000 0.000000
vn 0.000000 -1.000000 0.000000
vn 0.000000 -1.000000 0.000000
vn 0.000000 -1.000000 0.000000
vn 0.000000 -1.000000 0.000000
vn 0.000000 -1.000000 0.000000
vn -0.000000 -1.000000 0.000000
vn 0.000000 -1.000000 0.000000
vn -0.000000 -1.000000 0.000000
vn 0.000000 -1.000000 0.000000
vn 0.000000 -1.000000 0.000000
vn 0.000000 -1.000000 0.000000
vn 0.000000 -1.000000 0.000000
vn 0.000000 -1.000000 0.000000
vn 0.000000 -1.000000 0.000000
vn 0.000000 -1.000000 0.000000
vn 0.000000 -1.000000 0.000000
vn 0.000000 -1.000000 0.000000
vn 0.000000 -1.000000 0.000000
vn 0.000000 -1.000000 0.000000
vn 0.000000 -1.000000 0.000000
vn 0.000000 -1.000000 0.000000
vn 0.000000 -1.000000 0.000000
vn -0.000000 -1.000000 0.000000
vn -0.000000 -1.000000 0.000000
vn -0.000000 -1.000000 0.000000
vn -0.000000 -1.000000 0.000000
vn -0.000000 -1.000000 0.000000
vn -0.000000 -1.000000 0.000000
vn -0.000000 -1.000000 0.000000
vn -0.000000 -1.000000 0.000000
vn -0.000000 -1.000000 0.000000
vn -0.000000 -1.000000 0.000000
vn -0.000000 -1.000000 0.000000
vn 0.000000 -1.000000 0.000000
vn 0.000000 -1.000000 0.000000
vn 0.000000 -1.000000 0.000000
vn -0.000000 -1.000000 0.000000
vn 0.000000 -1.000000 0.000000
vn 0.000000 -1.000000 0.000000
vn 0.000000 -1.000000 0.000000
vn 0.000000 -1.000000 0.000000
vn 0.000000 -1.000000 0.000000
vn 0.000000 -1.000000 0.000000
vn -0.000000 -1.000000 0.000000
vn 0.000000 -1.000000 0.000000
vn 0.000000 -1.000000 0.000000
vn 0.000000 -1.000000 0.000000
vn 0.000000 -1.000000 0.000000
vn 0.000000 -1.000000 0.000000
vn -0.000000 -1.000000 0.000000
vn 0.000000 -1.000000 0.000000
vn 0.000000 -1.000000 0.000000
vn 0.000000 -1.000000 0.000000
vn -0.000000 -1.000000 0.000000
vn -0.000000 -1.000000 0.000000
vn 0.000000 -1.000000 0.000000
vn 0.000000 -1.000000 0.000000
vn 0.000000 -1.000000 0.000000
vn 0.000000 -1.000000 0.000000
vn 0.000000 -1.000000 0.000000
vn 0.000000 -1.000000 0.000000
vn 0.000000 -1.000000 0.000000
vn -0.000000 -1.000000 0.000000
vn 0.000000 -1.000000 0.000000
vn 0.000000 -1.000000 0.000000
vn 0.000000 -1.000000 0.000000
vn -0.000000 -1.000000 0.000000
vn 0.000000 -1.000000 0.000000
vn -0.000000 -1.000000 0.000000
vn 0.000000 -1.000000 0.000000
vn 0.000000 -1.000000 0.000000
vn -0.000000 -1.000000 0.000000
vn 0.000000 -1.000000 0.000000
vn -0.000000 -1.000000 0.000000
vn 0.000000 -1.000000 0.000000
vn -0.000000 -1.000000 0.000000
vn 0.000000 -1.000000 0.000000
vn 0.000000 -1.000000 0.000000
vn 0.000000 -1.000000 0.000000
vn 0.000000 -1.000000 0.000000
vn 0.000000 -1.000000 0.000000
vn 0.000000 -1.000000 0.000000
vn 0.000000 -1.000000 0.000000
vn 0.000000 -1.000000 0.000000
vn 0.000000 -1.000000 0.000000
vn 0.000000 -1.000000 0.000000
vn 0.000000 -1.000000 0.000000
vn 0.000000 -1.000000 0.000000
vn 0.000000 -1.000000 0.000000
vn 0.000000 -1.000000 0.000000
vn 0.000000 -1.000000 0.000000
vn 0.000000 -1.000000 0.000000
vn 0.000000 -1.000000 0.000000
vn 0.000000 -1.000000 0.000000
vn 0.000000 -1.000000 0.000000
vn 0.000000 -1.000000 0.000000
vn 0.000000 -1.000000 0.000000
vn 0.000000 -1.000000 0.000000
vn 0.000000 -1.000000 0.000000
vn 0.000000 -1.000000 0.000000
vn 0.000000 -1.000000 0.000000
vn 0.000000 -1.000000 0.000000
vn 0.000000 -1.000000 0.000000
vn 0.000000 -1.000000 0.000000
vn 0.000000 -1.000000 0.000000
vn 0.000000 -1.000000 0.000000
vn 0.000000 -1.000000 0.000000
vn 0.000000 -1.000000 0.000000
vn 0.000000 -1.000000 0.000000
vn 0.000000 -1.000000 0.000000
vn -0.000000 -1.000000 0.000000
vn 0.000000 -1.000000 0.000000
vn 0.000000 -1.000000 0.000000
vn -0.000000 -1.000000 0.000000
vn -0.000000 -1.000000 0.000000
vn -0.000000 -1.000000 0.000000
vn 0.000000 -1.000000 0.000000
vn -0.000000 -1.000000 0.000000
vn -0.000000 -1.000000 0.000000
vn -0.000000 -1.000000 0.000000
vn -0.000000 -1.000000 0.000000
vn -0.000000 -1.000000 0.000000
vn -0.000000 -1.000000 0.000000
vn 0.000000 -1.000000 0.000000
vn -0.000000 -1.000000 0.000000
vn 0.000000 -1.000000 0.000000
vn 0.000000 -1.000000 0.000000
vn 0.000000 -1.000000 0.000000
vn 0.000000 -1.000000 0.000000
vn -0.000000 -1.000000 0.000000
vn 0.000000 -1.000000 0.000000
vn 0.000000 -1.000000 0.000000
vn -0.000000 -1.000000 0.000000
vn 0.000000 -1.000000 0.000000
vn -0.000000 -1.000000 0.000000
vn 0.000000 -1.000000 0.000000
vn 0.000000 -1.000000 0.000000
vn -0.000000 -1.000000 0.000000
vn -0.000000 -1.000000 0.000000
vn 0.000000 -1.000000 0.000000
vn -0.000000 -1.000000 0.000000
vn 0.000000 -1.000000 0.000000
vn 0.000000 -1.000000 0.000000
vn 0.000000 -1.000000 0.000000
vn 0.000000 -1.000000 0.000000
vn 0.000000 -1.000000 0.000000
vn 0.000000 -1.000000 0.000000
vn 0.000000 -1.000000 0.000000
vn 0.000000 -1.000000 0.000000
vn 0.000000 -1.000000 0.000000
vn 0.000000 -1.000000 0.000000
vn 0.000000 -1.000000 0.000000
vn 0.000000 -1.000000 0.000000
vn 0.000000 -1.000000 0.000000
vn 0.000000 -1.000000 0.000000
vn 0.000000 -1.000000 0.000000
vn 0.000000 -1.000000 0.000000
vn 0.000000 -1.000000 0.000000
vn 0.000000 -1.000000 0.000000
vn 0.000000 -1.000000 0.000000
vn 0.000000 -1.000000 0.000000
vn 0.000000 -1.000000 0.000000
vn -0.000000 -1.000000 0.000000
vn 0.000000 -1.000000 0.000000
vn -0.000000 -1.000000 0.000000
vn 0.000000 -1.000000 0.000000
vn 0.000000 -1.000000 0.000000
vn 0.000000 -1.000000 0.000000
vn -0.000000 -1.000000 0.000000
vn -0.000000 -1.000000 0.000000
vn -0.000000 -1.000000 0.000000
vn 1.000000 0.000000 0.000000
vn 1.000000 0.000000 0.000000
vn 1.000000 0.000000 -0.000000
vn 1.000000 0.000000 -0.000000
vn 1.000000 -0.000000 0.000000
vn 1.000000 -0.000000 0.000000
vn 1.000000 0.000000 0.000000
vn 1.000000 -0.000000 0.000000
vn 0.707107 0.707107 0.000000
vn 0.707107 0.707107 0.000000
vn 0.707107 0.707107 0.000000
vn 0.707107 0.707107 0.000000
vn -0.707107 0.707107 0.000000
vn -0.707107 0.707107 0.000000
vn -0.707107 0.707107 0.000000
vn -0.707107 0.707107 0.000000
vn -1.000000 0.000000 0.000000
vn -1.000000 0.000000 0.000000
vn -1.000000 0.000000 -0.000000
vn -1.000000 0.000000 0.000000
vn -1.000000 0.000000 0.000000
vn -1.000000 0.000000 0.000000
vn -1.000000 -0.000000 0.000000
vn -1.000000 -0.000000 -0.000000
vn -1.000000 -0.000000 0.000000
vn -1.000000 -0.000000 0.000000
vn -1.000000 0.000000 0.000000
vn -1.000000 0.000000 0.000000
vn 0.000000 1.000000 0.000000
vn 0.000000 1.000000 0.000000
vn 0.000000 1.000000 0.000000
vn 0.000000 1.000000 0.000000
vn 0.000000 1.000000 0.000000
vn 0.000000 1.000000 0.000000
vn 0.000000 1.000000 0.000000
vn 0.000000 1.000000 0.000000
vn 0.000000 1.000000 0.000000
vn 0.000000 1.000000 0.000000
vn 0.000000 1.000000 0.000000
vn 0.000000 1.000000 0.000000
vn 0.000000 1.000000 0.000000
vn 0.000000 1.000000 0.000000
vn 0.000000 1.000000 0.000000
vn 0.000000 1.000000 0.000000
vn 0.000000 1.000000 0.000000
vn 0.000000 1.000000 0.000000
vn 0.000000 1.000000 0.000000
vn 0.000000 1.000000 0.000000
vn 0.000000 1.000000 0.000000
vn 0.000000 1.000000 0.000000
vn 0.000000 1.000000 0.000000
vn 0.000000 1.000000 0.000000
vn 0.000000 1.000000 0.000000
vn 0.000000 1.000000 0.000000
vn 0.000000 1.000000 0.000000
vn 0.000000 1.000000 0.000000
vn 0.000000 1.000000 0.000000
vn 0.000000 1.000000 0.000000
vn 0.000000 1.000000 0.000000
vn 0.000000 1.000000 0.000000
vn 0.000000 1.000000 0.000000
vn 0.000000 1.000000 0.000000
vn 0.000000 1.000000 0.000000
vn 0.000000 1.000000 0.000000
vn 0.000000 1.000000 0.000000
vn 0.000000 1.000000 0.000000
vn 0.000000 1.000000 0.000000
vn 0.000000 1.000000 0.000000
vn 0.000000 1.000000 0.000000
vn 0.000000 1.000000 0.000000
vn 0.000000 1.000000 0.000000
vn 0.000000 1.000000 0.000000
vn 0.000000 1.000000 0.000000
vn 0.000000 1.000000 0.000000
vn 0.000000 1.000000 0.000000
vn 0.000000 1.000000 0.000000
vn 0.000000 1.000000 0.000000
vn 0.000000 1.000000 0.000000
vn 0.000000 1.000000 0.000000
vn 0.000000 1.000000 0.000000
vn 0.000000 1.000000 0.000000
vn 0.000000 1.000000 0.000000
vn 0.000000 1.000000 0.000000
vn 0.000000 1.000000 0.000000
vn 0.000000 1.000000 0.000000
vn 0.000000 1.000000 0.000000
vn 0.000000 1.000000 0.000000
vn 0.000000 1.000000 0.000000
vn 0.000000 1.000000 0.000000
vn 0.000000 1.000000 0.000000
vn 0.000000 1.000000 0.000000
vn 0.000000 1.000000 0.000000
vn 0.000000 1.000000 0.000000
vn 0.000000 1.000000 0.000000
vn 0.000000 1.000000 0.000000
vn 0.000000 1.000000 0.000000
vn 0.000000 1.000000 0.000000
vn 0.000000 1.000000 0.000000
vn 0.000000 1.000000 0.000000
vn 0.000000 1.000000 0.000000
vn 0.000000 1.000000 0.000000
vn 0.000000 1.000000 0.000000
vn 0.000000 1.000000 0.000000
vn 0.000000 1.000000 0.000000
vn 0.000000 1.000000 0.000000
vn 0.000000 1.000000 0.000000
vn 0.000000 1.000000 0.000000
vn 0.000000 1.000000 0.000000
vn 0.000000 1.000000 0.000000
vn 0.000000 1.000000 0.000000
vn 0.000000 1.000000 0.000000
vn 0.000000 1.000000 0.000000
vn 0.000000 1.000000 0.000000
vn 0.000000 1.000000 0.000000
vn 0.000000 1.000000 0.000000
vn 0.000000 1.000000 0.000000
vn 0.000000 1.000000 0.000000
vn 0.000000 1.000000 0.000000
vn 0.000000 1.000000 0.000000
vn 0.000000 1.000000 0.000000
vn 0.000000 1.000000 0.000000
vn 0.000000 1.000000 0.000000
vn 0.000000 1.000000 0.000000
vn 0.000000 1.000000 0.000000
vn 0.000000 1.000000 0.000000
vn 0.000000 1.000000 0.000000
vn 0.000000 1.000000 0.000000
vn 0.000000 1.000000 0.000000
vn 0.000000 1.000000 0.000000
vn 0.000000 1.000000 0.000000
vn 0.000000 1.000000 0.000000
vn 0.000000 1.000000 0.000000
vn 0.000000 1.000000 0.000000
vn 0.000000 1.000000 0.000000
vn 0.000000 1.000000 0.000000
vn 0.000000 1.000000 0.000000
vn 0.000000 1.000000 0.000000
vn 0.000000 1.000000 0.000000
vn 0.000000 1.000000 0.000000
vn 0.000000 1.000000 0.000000
vn 0.000000 1.000000 0.000000
vn 0.000000 1.000000 0.000000
vn 0.000000 1.000000 0.000000
vn 0.000000 1.000000 0.000000
vn 0.000000 1.000000 0.000000
vn 0.000000 1.000000 0.000000
vn 0.000000 1.000000 0.000000
vn 0.000000 1.000000 0.000000
vn 0.000000 1.000000 0.000000
vn 0.000000 1.000000 0.000000
vn 0.000000 1.000000 0.000000
vn 0.000000 1.000000 0.000000
vn 0.000000 1.000000 0.000000
vn 0.000000 1.000000 0.000000
vn 0.000000 1.000000 0.000000
vn 0.000000 1.000000 0.000000
vn 0.000000 1.000000 0.000000
vn 0.000000 1.000000 0.000000
vn 0.000000 1.000000 0.000000
vn 0.000000 1.000000 0.000000
vn 0.000000 1.000000 0.000000
vn 0.000000 1.000000 0.000000
vn 0.000000 1.000000 0.000000
vn 0.000000 1.000000 0.000000
vn 0.000000 1.000000 0.000000
vn 0.000000 1.000000 0.000000
vn 0.000000 1.000000 0.000000
vn 0.000000 1.000000 0.000000
vn 0.000000 1.000000 0.000000
vn 0.000000 1.000000 0.000000
vn 0.000000 1.000000 0.000000
vn 0.000000 1.000000 0.000000
vn 0.000000 1.000000 0.000000
vn 0.000000 1.000000 0.000000
vn 0.000000 1.000000 0.000000
vn 0.000000 1.000000 0.000000
vn 0.000000 1.000000 0.000000
vn 0.000000 1.000000 0.000000
vn 0.000000 1.000000 0.000000
vn 0.000000 1.000000 0.000000
vn 0.000000 1.000000 0.000000
vn 0.000000 1.000000 0.000000
vn 0.000000 1.000000 0.000000
vn 0.000000 1.000000 0.000000
vn 0.000000 1.000000 0.000000
vn 0.000000 1.000000 0.000000
vn 0.000000 1.000000 0.000000
vn 0.000000 1.000000 0.000000
vn 0.000000 1.000000 0.000000
vn 0.000000 1.000000 0.000000
vn 0.000000 1.000000 0.000000
vn 0.000000 1.000000 0.000000
vn 0.000000 1.000000 0.000000
vn 0.000000 1.000000 0.000000
vn 0.000000 1.000000 0.000000
vn 0.000000 1.000000 0.000000
vn 0.000000 1.000000 0.000000
vn 0.000000 1.000000 0.000000
vn 0.000000 1.000000 0.000000
vn 0.000000 1.000000 0.000000
vn 0.000000 1.000000 0.000000
vn 0.000000 1.000000 0.000000
vn 0.000000 1.000000 0.000000
vn 0.000000 1.000000 0.000000
vn 0.000000 1.000000 0.000000
vn 0.000000 1.000000 0.000000
vn 0.000000 1.000000 0.000000
vn 0.000000 1.000000 0.000000
vn 0.000000 1.000000 0.000000
vn 0.000000 1.000000 0.000000
vn 0.000000 1.000000 0.000000
vn 0.000000 1.000000 0.000000
vn 0.000000 1.000000 0.000000
vn 0.000000 1.000000 0.000000
vn 0.000000 1.000000 0.000000
vn 0.000000 1.000000 0.000000
vn 0.000000 1.000000 0.000000
vn 0.000000 1.000000 0.000000
vn 0.000000 1.000000 0.000000
vn 0.000000 1.000000 0.000000
vn 0.000000 1.000000 0.000000
vn 0.000000 1.000000 0.000000
vn 0.000000 1.000000 0.000000
vn 0.000000 1.000000 0.000000
vn 0.000000 1.000000 0.000000
vn 0.000000 1.000000 0.000000
vn 0.000000 1.000000 0.000000
vn 0.000000 1.000000 0.000000
vn 0.000000 1.000000 0.000000
vn 0.000000 1.000000 0.000000
vn 0.000000 1.000000 0.000000
vn 0.000000 1.000000 0.000000
vn 0.000000 1.000000 0.000000
vn 0.000000 1.000000 0.000000
vn 0.000000 1.000000 0.000000
vn 0.000000 1.000000 0.000000
vn 0.000000 1.000000 0.000000
vn 0.000000 1.000000 0.000000
vn 0.000000 1.000000 0.000000
vn 0.000000 1.000000 0.000000
vn 0.000000 1.000000 0.000000
vn 0.000000 1.000000 0.000000
vn 0.000000 1.000000 0.000000
vn 0.000000 1.000000 0.000000
vn 0.000000 1.000000 0.000000
vn 0.000000 1.000000 0.000000
vn 0.000000 1.000000 0.000000
vn 0.000000 1.000000 0.000000
vn 0.000000 1.000000 0.000000
vn 0.000000 1.000000 0.000000
vn 0.000000 1.000000 0.000000
vn 0.000000 1.000000 0.000000
vn 0.000000 1.000000 0.000000
vn 0.000000 1.000000 0.000000
vn 0.000000 1.000000 0.000000
vn 0.000000 1.000000 0.000000
vn 0.000000 1.000000 0.000000
vn 0.000000 1.000000 0.000000
vn 0.000000 1.000000 0.000000
vn 0.000000 1.000000 0.000000
vn 0.000000 1.000000 0.000000
vn 0.000000 1.000000 0.000000
vn 0.000000 1.000000 0.000000
vn 0.000000 1.000000 0.000000
vn 0.000000 1.000000 0.000000
vn 0.000000 1.000000 0.000000
vn 0.000000 1.000000 0.000000
vn 0.000000 1.000000 0.000000
vn 0.000000 1.000000 0.000000
vn 0.000000 1.000000 0.000000
vn 0.000000 1.000000 0.000000
vn 0.000000 1.000000 0.000000
vn 0.000000 1.000000 0.000000
vn 0.000000 1.000000 0.000000
vn 0.000000 1.000000 0.000000
vn 0.000000 1.000000 0.000000
vn 0.000000 1.000000 0.000000
vn 0.000000 1.000000 0.000000
vn 0.000000 1.000000 0.000000
vn 0.000000 1.000000 0.000000
vn 0.000000 1.000000 0.000000
vn 0.000000 1.000000 0.000000
vn -0.000000 1.000000 0.000000
vn 0.000000 1.000000 0.000000
vn 0.000000 1.000000 0.000000
vn 0.000000 1.000000 -0.000000
vn 1.000000 -0.000000 0.000000
vn 1.000000 0.000000 0.000000
vn 0.707107 -0.707107 0.000000
vn 0.707107 -0.707107 0.000000
vn 0.707107 0.707107 -0.000000
vn 0.707107 0.707107 -0.000000
vn 0.000000 -1.000000 0.000000
vn 0.000000 -1.000000 0.000000
vn 0.000000 1.000000 0.000000
vn 0.000000 1.000000 -0.000000
vn -0.707107 -0.707107 -0.000000
vn -0.707107 -0.707107 -0.000000
vn -0.707107 0.707107 0.000000
vn -0.707107 0.707107 0.000000
vn -1.000000 -0.000000 0.000000
vn -1.000000 0.000000 0.000000
vn 0.000000 -0.707107 -0.707107
vn 0.000000 -0.707107 -0.707107
vn -0.000000 -0.707107 -0.707107
vn 0.707107 0.000000 -0.707107
vn 0.707107 0.000000 -0.707107
vn 0.707107 0.000000 -0.707107
vn 0.707107 0.000000 -0.707107
vn -0.707107 0.000000 -0.707107
vn -0.707107 -0.000000 -0.707107
vn -0.707107 0.000000 -0.707107
vn -0.707107 -0.000000 -0.707107
vn 0.000000 -0.707107 -0.707107
vn 0.000000 -0.707107 -0.707107
vn 0.000000 -0.707107 -0.707107
vn -0.017128 -0.716188 -0.697697
vn -0.052025 -0.707002 -0.705296
vn -0.086570 -0.707002 -0.701893
vn -0.120906 -0.707001 -0.696800
vn -0.154952 -0.707001 -0.690028
vn -0.103069 -0.711746 -0.694834
vn -0.034714 -0.706681 -0.706681
vn -0.017566 -0.698327 -0.715563
vn -0.052026 -0.707002 -0.705296
vn -0.086571 -0.707001 -0.701894
vn -0.034724 -0.706678 -0.706683
vn -0.188622 -0.707002 -0.681594
vn -0.221840 -0.707002 -0.671518
vn -0.170679 -0.711746 -0.681385
vn -0.120905 -0.707001 -0.696800
vn -0.154951 -0.707001 -0.690028
vn -0.103817 -0.706678 -0.699877
vn -0.104380 -0.702811 -0.703677
vn -0.103817 -0.706678 -0.699877
vn -0.254523 -0.707001 -0.659824
vn -0.286591 -0.707001 -0.646541
vn -0.236643 -0.711746 -0.661375
vn -0.171918 -0.706678 -0.686331
vn -0.188624 -0.707002 -0.681594
vn -0.221838 -0.707002 -0.671518
vn -0.171917 -0.706678 -0.686331
vn -0.172851 -0.702811 -0.690058
vn -0.317969 -0.707002 -0.631699
vn -0.348583 -0.707002 -0.615336
vn -0.300331 -0.711746 -0.634995
vn -0.239655 -0.702811 -0.669793
vn -0.238361 -0.706678 -0.666176
vn -0.254522 -0.707002 -0.659823
vn -0.286592 -0.707002 -0.646540
vn -0.238361 -0.706678 -0.666176
vn -0.378359 -0.707002 -0.597489
vn -0.407218 -0.707002 -0.578206
vn -0.361125 -0.711747 -0.602499
vn -0.302511 -0.706677 -0.639605
vn -0.304152 -0.702811 -0.643077
vn -0.302510 -0.706678 -0.639604
vn -0.317970 -0.707002 -0.631699
vn -0.348582 -0.707002 -0.615336
vn -0.435100 -0.707001 -0.557528
vn -0.461932 -0.707001 -0.535507
vn -0.418440 -0.711747 -0.564203
vn -0.365723 -0.702811 -0.610168
vn -0.378360 -0.707002 -0.597489
vn -0.407216 -0.707002 -0.578207
vn -0.363748 -0.706677 -0.606873
vn -0.363746 -0.706678 -0.606873
vn -0.487653 -0.707000 -0.512196
vn -0.512196 -0.707000 -0.487653
vn -0.471727 -0.711746 -0.520472
vn -0.421477 -0.706678 -0.568299
vn -0.423765 -0.702811 -0.571384
vn -0.435100 -0.707003 -0.557526
vn -0.461929 -0.707003 -0.535508
vn -0.421478 -0.706677 -0.568299
vn -0.535509 -0.707001 -0.461931
vn -0.557528 -0.707001 -0.435100
vn -0.520472 -0.711746 -0.471727
vn -0.477731 -0.702811 -0.527095
vn -0.475151 -0.706678 -0.524250
vn -0.487651 -0.707002 -0.512197
vn -0.512199 -0.707002 -0.487648
vn -0.475152 -0.706677 -0.524249
vn -0.578205 -0.707002 -0.407219
vn -0.597491 -0.707002 -0.378356
vn -0.564203 -0.711746 -0.418440
vn -0.535506 -0.707003 -0.461931
vn -0.557527 -0.707003 -0.435099
vn -0.524249 -0.706678 -0.475152
vn -0.527095 -0.702812 -0.477731
vn -0.524251 -0.706677 -0.475151
vn -0.602500 -0.711746 -0.361125
vn -0.615335 -0.707002 -0.348585
vn -0.631699 -0.707002 -0.317970
vn -0.571385 -0.702811 -0.423764
vn -0.568298 -0.706678 -0.421478
vn -0.578204 -0.707000 -0.407223
vn -0.597495 -0.707000 -0.378352
vn -0.568300 -0.706677 -0.421477
vn -0.606873 -0.706678 -0.363747
vn -0.634995 -0.711747 -0.300330
vn -0.646539 -0.707002 -0.286592
vn -0.659823 -0.707002 -0.254521
vn -0.615335 -0.707002 -0.348585
vn -0.631699 -0.707002 -0.317970
vn -0.606873 -0.706678 -0.363747
vn -0.610167 -0.702811 -0.365722
vn -0.639605 -0.706678 -0.302510
vn -0.671519 -0.707001 -0.221838
vn -0.681594 -0.707001 -0.188625
vn -0.661375 -0.711746 -0.236645
vn -0.639605 -0.706677 -0.302513
vn -0.646538 -0.707002 -0.286594
vn -0.659823 -0.707002 -0.254523
vn -0.643075 -0.702811 -0.304155
vn -0.666177 -0.706677 -0.238363
vn -0.690027 -0.707002 -0.154952
vn -0.696800 -0.707002 -0.120902
vn -0.681386 -0.711747 -0.170677
vn -0.666176 -0.706679 -0.238358
vn -0.671519 -0.707001 -0.221838
vn -0.681595 -0.707001 -0.188621
vn -0.669794 -0.702810 -0.239652
vn -0.701893 -0.707001 -0.086576
vn -0.694835 -0.711745 -0.103071
vn -0.705296 -0.707001 -0.052024
vn -0.697697 -0.716188 -0.017127
vn -0.690056 -0.702811 -0.172854
vn -0.686333 -0.706677 -0.171916
vn -0.690027 -0.707002 -0.154954
vn -0.696800 -0.707002 -0.120904
vn -0.686329 -0.706679 -0.171920
vn -0.699879 -0.706676 -0.103814
vn -0.699875 -0.706679 -0.103819
vn -0.703678 -0.702811 -0.104377
vn -0.706681 -0.706681 -0.034716
vn -0.701894 -0.707001 -0.086569
vn -0.705296 -0.707001 -0.052024
vn -0.715562 -0.698328 -0.017570
vn -0.706681 -0.706680 -0.034719
vn -0.707107 -0.707107 -0.000000
vn -0.707107 -0.707107 -0.000000
vn -0.717814 -0.696021 -0.017271
vn -0.704652 -0.707722 -0.050935
vn -0.703013 -0.706085 -0.084956
vn -0.706747 -0.706747 -0.031897
vn -0.695692 -0.718145 -0.016736
vn -0.706127 -0.706243 -0.051046
vn -0.701131 -0.707981 -0.084730
vn -0.706751 -0.706744 -0.031888
vn -0.695997 -0.708231 -0.118308
vn -0.692701 -0.704952 -0.152340
vn -0.706150 -0.701507 -0.096129
vn -0.698494 -0.705698 -0.118731
vn -0.688582 -0.709170 -0.151436
vn -0.701004 -0.706744 -0.095429
vn -0.694869 -0.712888 -0.094594
vn -0.701005 -0.706743 -0.095428
vn -0.681117 -0.708535 -0.184544
vn -0.676134 -0.703606 -0.218589
vn -0.694244 -0.701898 -0.159261
vn -0.684173 -0.705370 -0.185366
vn -0.669509 -0.710567 -0.216453
vn -0.683968 -0.712440 -0.156902
vn -0.689558 -0.706744 -0.158186
vn -0.689559 -0.706743 -0.158185
vn -0.660143 -0.708638 -0.249085
vn -0.676526 -0.702486 -0.220967
vn -0.663304 -0.705260 -0.250272
vn -0.672507 -0.706743 -0.219654
vn -0.667706 -0.711763 -0.218087
vn -0.672506 -0.706744 -0.219655
vn -0.652007 -0.703606 -0.282533
vn -0.633255 -0.708536 -0.311392
vn -0.653870 -0.702487 -0.281009
vn -0.645622 -0.710566 -0.279765
vn -0.636095 -0.705369 -0.312791
vn -0.649985 -0.706745 -0.279339
vn -0.649988 -0.706743 -0.279338
vn -0.645347 -0.711764 -0.277343
vn -0.620682 -0.704953 -0.343215
vn -0.600675 -0.708232 -0.370941
vn -0.626409 -0.701900 -0.339039
vn -0.616993 -0.709169 -0.341173
vn -0.602830 -0.705697 -0.372275
vn -0.622181 -0.706745 -0.336752
vn -0.622182 -0.706744 -0.336752
vn -0.617139 -0.712437 -0.334024
vn -0.583908 -0.706084 -0.400620
vn -0.562670 -0.707721 -0.427238
vn -0.550311 -0.696018 -0.461213
vn -0.593645 -0.701506 -0.394304
vn -0.551664 -0.706747 -0.442917
vn -0.582345 -0.707981 -0.399545
vn -0.563846 -0.706243 -0.428133
vn -0.533351 -0.718144 -0.446996
vn -0.551661 -0.706745 -0.442924
vn -0.589318 -0.706744 -0.391429
vn -0.584160 -0.712889 -0.388004
vn -0.589317 -0.706745 -0.391429
vn 0.243746 -0.715797 0.654387
vn 0.279273 -0.706842 0.649909
vn 0.310813 -0.707168 0.635066
vn 0.341953 -0.706696 0.619395
vn 0.371716 -0.707348 0.601238
vn 0.322714 -0.711611 0.624072
vn 0.262668 -0.706692 0.656957
vn 0.262668 -0.706692 0.656957
vn 0.401336 -0.706560 0.582839
vn 0.428970 -0.707538 0.561583
vn 0.381583 -0.711588 0.589947
vn 0.324987 -0.706692 0.628467
vn 0.324987 -0.706692 0.628467
vn 0.262668 -0.706692 0.656957
vn 0.249427 -0.699548 0.669641
vn 0.279159 -0.707128 0.649646
vn 0.310947 -0.706861 0.635341
vn 0.456834 -0.706437 0.540601
vn 0.482024 -0.707740 0.516485
vn 0.436883 -0.711552 0.550297
vn 0.384256 -0.706692 0.594082
vn 0.384258 -0.706691 0.594082
vn 0.326511 -0.703354 0.631414
vn 0.324987 -0.706692 0.628467
vn 0.341688 -0.707248 0.618910
vn 0.372048 -0.706714 0.601777
vn 0.324987 -0.706692 0.628467
vn 0.507905 -0.706324 0.493092
vn 0.530359 -0.707952 0.466394
vn 0.488101 -0.711503 0.505490
vn 0.439922 -0.706692 0.554126
vn 0.439923 -0.706691 0.554125
vn 0.384257 -0.706691 0.594082
vn 0.386051 -0.703370 0.596854
vn 0.400882 -0.707357 0.582185
vn 0.429568 -0.706557 0.562360
vn 0.384256 -0.706692 0.594082
vn 0.554050 -0.706223 0.440770
vn 0.573508 -0.708177 0.411794
vn 0.534756 -0.711443 0.455943
vn 0.491462 -0.706692 0.508972
vn 0.491462 -0.706692 0.508971
vn 0.439923 -0.706691 0.554125
vn 0.456173 -0.707459 0.539822
vn 0.439922 -0.706692 0.554125
vn 0.482945 -0.706392 0.517470
vn 0.441960 -0.703395 0.556693
vn 0.576414 -0.711371 0.402118
vn 0.594819 -0.706132 0.384147
vn 0.611050 -0.708411 0.353231
vn 0.538392 -0.706692 0.459043
vn 0.538392 -0.706692 0.459043
vn 0.493716 -0.703428 0.511305
vn 0.491463 -0.706691 0.508971
vn 0.507024 -0.707550 0.492239
vn 0.531664 -0.706216 0.467538
vn 0.491462 -0.706692 0.508972
vn 0.629811 -0.706053 0.323771
vn 0.642625 -0.708656 0.291272
vn 0.612683 -0.711287 0.344515
vn 0.580272 -0.706692 0.404809
vn 0.616710 -0.706692 0.346779
vn 0.580272 -0.706692 0.404810
vn 0.540830 -0.703470 0.461122
vn 0.552947 -0.707633 0.439892
vn 0.575249 -0.706032 0.413047
vn 0.538393 -0.706691 0.459043
vn 0.538392 -0.706692 0.459044
vn 0.580273 -0.706691 0.404810
vn 0.643225 -0.711190 0.283671
vn 0.658682 -0.705986 0.260236
vn 0.667929 -0.708914 0.226522
vn 0.616710 -0.706692 0.346779
vn 0.580273 -0.706692 0.404809
vn 0.582860 -0.703520 0.406614
vn 0.593497 -0.707707 0.383292
vn 0.613277 -0.705838 0.354520
vn 0.681152 -0.705929 0.194154
vn 0.686720 -0.709181 0.159621
vn 0.667753 -0.711082 0.220153
vn 0.647363 -0.706692 0.285496
vn 0.647363 -0.706692 0.285496
vn 0.619410 -0.703577 0.348296
vn 0.616709 -0.706692 0.346779
vn 0.628284 -0.707770 0.322987
vn 0.616710 -0.706692 0.346778
vn 0.645379 -0.705634 0.292517
vn 0.647363 -0.706692 0.285496
vn 0.696999 -0.705884 0.126178
vn 0.698818 -0.709459 0.091220
vn 0.686037 -0.710962 0.154553
vn 0.671945 -0.706691 0.221534
vn 0.671944 -0.706692 0.221535
vn 0.650136 -0.703644 0.286720
vn 0.647363 -0.706692 0.285497
vn 0.656971 -0.707826 0.259559
vn 0.671235 -0.705422 0.227646
vn 0.706067 -0.705850 0.056965
vn 0.704113 -0.709748 0.021984
vn 0.697903 -0.710829 0.087482
vn 0.690223 -0.706692 0.155497
vn 0.690224 -0.706691 0.155496
vn 0.671944 -0.706692 0.221535
vn 0.674753 -0.703719 0.222461
vn 0.671944 -0.706692 0.221535
vn 0.690223 -0.706692 0.155496
vn 0.679285 -0.707872 0.193622
vn 0.690598 -0.705200 0.160523
vn 0.708268 -0.705828 -0.012804
vn 0.702556 -0.710048 -0.047405
vn 0.703239 -0.710684 0.019565
vn 0.707248 -0.706691 0.019676
vn 0.702028 -0.706692 0.088000
vn 0.702028 -0.706691 0.087999
vn 0.693028 -0.703801 0.156128
vn 0.690223 -0.706692 0.155496
vn 0.695008 -0.707908 0.125820
vn 0.703274 -0.704967 0.091798
vn 0.701992 -0.710527 -0.048565
vn 0.703580 -0.705816 -0.082458
vn 0.707248 -0.706691 0.019676
vn 0.702027 -0.706692 0.088000
vn 0.702028 -0.706692 0.087999
vn 0.704791 -0.703893 0.088345
vn 0.703990 -0.707936 0.056799
vn 0.709134 -0.704726 0.022143
vn 0.694171 -0.710358 -0.116272
vn 0.694170 -0.710358 -0.116270
vn 0.692047 -0.705816 -0.151308
vn 0.705835 -0.706691 -0.048831
vn 0.705835 -0.706692 -0.048830
vn 0.707248 -0.706692 0.019676
vn 0.707248 -0.706692 0.019677
vn 0.709934 -0.703992 0.019751
vn 0.706143 -0.707954 -0.012770
vn 0.708118 -0.704476 -0.047779
vn 0.679658 -0.710048 -0.184114
vn 0.673784 -0.705828 -0.218683
vn 0.679502 -0.710527 -0.182833
vn 0.697801 -0.706692 -0.116880
vn 0.697801 -0.706692 -0.116880
vn 0.705835 -0.706692 -0.048831
vn 0.705834 -0.706692 -0.048830
vn 0.708408 -0.704100 -0.049008
vn 0.701448 -0.707964 -0.082207
vn 0.658519 -0.709748 -0.250222
vn 0.648968 -0.705850 -0.283931
vn 0.658481 -0.710684 -0.247649
vn 0.683222 -0.706692 -0.183833
vn 0.683222 -0.706692 -0.183833
vn 0.697801 -0.706692 -0.116880
vn 0.700231 -0.704216 -0.117287
vn 0.697801 -0.706692 -0.116880
vn 0.700232 -0.704215 -0.117285
vn 0.689951 -0.707963 -0.150848
vn 0.630953 -0.709459 -0.313952
vn 0.617840 -0.705884 -0.346412
vn 0.631306 -0.710829 -0.310122
vn 0.635037 -0.706692 -0.311954
vn 0.662235 -0.706692 -0.249061
vn 0.662235 -0.706692 -0.249061
vn 0.683222 -0.706692 -0.183833
vn 0.683222 -0.706692 -0.183833
vn 0.685713 -0.704100 -0.184504
vn 0.685037 -0.704476 -0.185573
vn 0.671763 -0.707954 -0.218026
vn 0.597226 -0.709181 -0.374678
vn 0.580709 -0.705929 -0.405515
vn 0.598232 -0.710961 -0.369665
vn 0.635037 -0.706692 -0.311954
vn 0.662235 -0.706692 -0.249061
vn 0.664750 -0.703992 -0.250007
vn 0.663213 -0.704727 -0.252008
vn 0.647058 -0.707936 -0.283095
vn 0.662235 -0.706692 -0.249061
vn 0.557661 -0.708914 -0.431806
vn 0.537933 -0.705986 -0.460665
vn 0.559570 -0.711082 -0.425728
vn 0.601882 -0.706692 -0.371921
vn 0.601882 -0.706692 -0.371921
vn 0.635036 -0.706692 -0.311954
vn 0.635036 -0.706692 -0.311955
vn 0.637535 -0.703893 -0.313183
vn 0.634976 -0.704968 -0.315953
vn 0.616076 -0.707908 -0.345422
vn 0.512639 -0.708657 -0.484775
vn 0.489933 -0.706053 -0.511326
vn 0.515683 -0.711191 -0.477785
vn 0.563082 -0.706692 -0.428399
vn 0.563082 -0.706691 -0.428400
vn 0.601882 -0.706692 -0.371920
vn 0.601882 -0.706692 -0.371921
vn 0.604328 -0.703802 -0.373431
vn 0.600599 -0.705200 -0.376795
vn 0.579118 -0.707872 -0.404400
vn 0.466982 -0.711287 -0.525355
vn 0.462598 -0.708411 -0.533064
vn 0.437179 -0.706132 -0.557003
vn 0.519000 -0.706691 -0.480860
vn 0.519000 -0.706692 -0.480859
vn 0.565435 -0.703718 -0.430190
vn 0.563082 -0.706692 -0.428399
vn 0.563082 -0.706692 -0.428400
vn 0.560421 -0.705422 -0.433945
vn 0.536536 -0.707826 -0.459470
vn 0.413922 -0.711371 -0.567996
vn 0.408020 -0.708176 -0.576199
vn 0.380184 -0.706222 -0.597252
vn 0.470051 -0.706692 -0.528809
vn 0.470051 -0.706692 -0.528808
vn 0.488746 -0.707771 -0.510086
vn 0.521224 -0.703644 -0.482919
vn 0.519000 -0.706692 -0.480859
vn 0.519000 -0.706692 -0.480859
vn 0.514836 -0.705635 -0.486851
vn 0.356999 -0.711443 -0.605310
vn 0.349438 -0.707953 -0.613756
vn 0.319506 -0.706324 -0.631682
vn 0.416693 -0.706692 -0.571799
vn 0.416693 -0.706692 -0.571799
vn 0.464285 -0.705838 -0.535007
vn 0.472109 -0.703578 -0.531123
vn 0.436206 -0.707707 -0.555766
vn 0.470051 -0.706691 -0.528809
vn 0.470052 -0.706692 -0.528808
vn 0.296745 -0.711503 -0.636950
vn 0.287419 -0.707740 -0.645364
vn 0.255741 -0.706437 -0.659957
vn 0.359426 -0.706692 -0.609426
vn 0.359426 -0.706692 -0.609426
vn 0.409260 -0.706032 -0.577949
vn 0.379426 -0.707633 -0.596063
vn 0.416693 -0.706692 -0.571799
vn 0.416693 -0.706691 -0.571799
vn 0.418550 -0.703520 -0.574348
vn 0.233723 -0.711552 -0.662622
vn 0.222566 -0.707538 -0.670712
vn 0.189510 -0.706560 -0.681805
vn 0.298789 -0.706692 -0.641337
vn 0.298789 -0.706692 -0.641336
vn 0.350298 -0.706216 -0.615264
vn 0.359426 -0.706692 -0.609426
vn 0.318953 -0.707550 -0.630588
vn 0.361054 -0.703470 -0.612185
vn 0.359426 -0.706692 -0.609426
vn 0.298789 -0.706692 -0.641336
vn 0.168520 -0.711588 -0.682088
vn 0.155512 -0.707347 -0.689547
vn 0.121460 -0.706696 -0.697014
vn 0.235348 -0.706692 -0.667232
vn 0.235348 -0.706692 -0.667232
vn 0.300159 -0.703428 -0.644277
vn 0.287968 -0.706392 -0.646595
vn 0.255371 -0.707459 -0.659005
vn 0.298789 -0.706692 -0.641336
vn 0.101744 -0.711612 -0.695167
vn 0.086910 -0.707168 -0.701684
vn 0.052255 -0.706842 -0.705439
vn 0.017209 -0.715797 -0.698096
vn 0.169701 -0.706692 -0.686869
vn 0.169701 -0.706692 -0.686869
vn 0.222875 -0.706558 -0.671642
vn 0.189296 -0.707358 -0.681038
vn 0.235348 -0.706692 -0.667232
vn 0.236439 -0.703395 -0.670322
vn 0.235348 -0.706692 -0.667232
vn 0.102461 -0.706692 -0.700063
vn 0.102461 -0.706692 -0.700063
vn 0.034261 -0.706692 -0.706692
vn 0.034261 -0.706692 -0.706692
vn 0.155652 -0.706714 -0.690165
vn 0.121365 -0.707247 -0.696471
vn 0.170492 -0.703370 -0.690074
vn 0.169701 -0.706692 -0.686869
vn 0.169701 -0.706692 -0.686869
vn 0.102461 -0.706692 -0.700063
vn 0.086947 -0.706861 -0.701988
vn 0.052234 -0.707128 -0.705154
vn 0.017610 -0.699548 -0.714368
vn 0.034261 -0.706692 -0.706692
vn 0.102942 -0.703353 -0.703347
vn 0.102461 -0.706692 -0.700063
vn -0.519305 -0.707000 -0.480076
vn -0.519305 -0.707000 -0.480076
vn -0.495100 -0.707000 -0.505002
vn -0.495099 -0.707000 -0.505002
vn -0.469698 -0.707000 -0.528710
vn -0.469698 -0.707000 -0.528711
vn -0.443163 -0.707000 -0.551142
vn -0.443163 -0.707000 -0.551142
vn -0.415557 -0.707000 -0.572244
vn -0.415557 -0.707000 -0.572244
vn -0.386948 -0.707000 -0.591965
vn -0.386949 -0.707000 -0.591965
vn -0.357405 -0.707000 -0.610255
vn -0.357407 -0.707000 -0.610255
vn -0.327002 -0.707000 -0.627073
vn -0.327000 -0.707001 -0.627074
vn -0.295806 -0.707000 -0.642378
vn -0.263898 -0.707000 -0.656131
vn -0.295807 -0.707000 -0.642378
vn -0.263898 -0.707000 -0.656132
vn -0.231353 -0.707000 -0.668302
vn -0.231354 -0.707000 -0.668302
vn -0.198248 -0.707000 -0.678858
vn -0.198250 -0.707000 -0.678858
vn -0.164666 -0.707000 -0.687776
vn -0.164665 -0.707000 -0.687776
vn -0.130686 -0.707000 -0.695034
vn -0.096390 -0.707000 -0.700614
vn -0.130686 -0.707000 -0.695034
vn -0.096390 -0.707000 -0.700614
vn -0.061862 -0.707000 -0.704503
vn -0.061862 -0.707000 -0.704503
vn -0.027184 -0.707000 -0.706691
vn -0.027185 -0.707000 -0.706691
vn 0.007559 -0.707000 -0.707173
vn 0.007560 -0.707000 -0.707173
vn 0.042284 -0.707001 -0.705948
vn 0.042282 -0.707000 -0.705948
vn 0.076906 -0.707000 -0.703019
vn 0.076907 -0.707001 -0.703019
vn 0.111343 -0.707000 -0.698393
vn 0.111342 -0.707000 -0.698394
vn 0.145514 -0.707000 -0.692082
vn 0.145515 -0.707000 -0.692081
vn 0.179329 -0.707000 -0.684100
vn 0.179329 -0.707000 -0.684100
vn 0.212713 -0.707000 -0.674466
vn 0.245585 -0.707000 -0.663204
vn 0.212713 -0.707000 -0.674466
vn 0.245584 -0.707000 -0.663204
vn 0.277862 -0.707000 -0.650341
vn 0.277862 -0.707000 -0.650341
vn 0.309470 -0.707000 -0.635908
vn 0.309470 -0.707000 -0.635908
vn 0.340330 -0.707000 -0.619940
vn 0.340329 -0.707000 -0.619941
vn 0.370368 -0.707000 -0.602477
vn 0.370369 -0.707000 -0.602476
vn -0.210695 -0.706514 0.675607
vn -0.211594 -0.706996 0.674822
vn -0.178611 -0.707009 0.684278
vn -0.178610 -0.707009 0.684278
vn -0.146279 -0.707009 0.691911
vn -0.146279 -0.707009 0.691911
vn -0.113624 -0.707009 0.698017
vn -0.113624 -0.707009 0.698017
vn -0.080718 -0.707009 0.702583
vn -0.080719 -0.707009 0.702583
vn -0.047635 -0.707009 0.705598
vn -0.014446 -0.707009 0.707057
vn -0.047635 -0.707009 0.705598
vn -0.014446 -0.707009 0.707057
vn 0.018774 -0.707009 0.706955
vn 0.018774 -0.707009 0.706955
vn 0.051954 -0.707009 0.705294
vn 0.051953 -0.707009 0.705293
vn 0.085018 -0.707009 0.702075
vn 0.085018 -0.707009 0.702076
vn 0.117895 -0.707009 0.697308
vn 0.117895 -0.707009 0.697308
vn 0.150511 -0.707009 0.691002
vn 0.150512 -0.707009 0.691002
vn 0.182796 -0.707009 0.683172
vn 0.182796 -0.707009 0.683172
vn 0.214677 -0.707009 0.673833
vn 0.214677 -0.707009 0.673833
vn 0.332293 -0.705748 -0.625700
vn 0.332255 -0.706992 -0.624314
vn 0.300576 -0.707000 -0.640161
vn 0.300576 -0.707000 -0.640160
vn 0.268716 -0.707000 -0.654174
vn 0.268716 -0.707000 -0.654174
vn 0.236206 -0.707000 -0.666602
vn 0.236206 -0.707000 -0.666602
vn 0.203123 -0.707000 -0.677416
vn 0.203123 -0.707000 -0.677416
vn 0.169548 -0.707000 -0.686589
vn 0.169548 -0.707000 -0.686589
vn 0.135563 -0.707000 -0.694100
vn 0.135563 -0.707000 -0.694100
vn 0.101249 -0.707000 -0.699929
vn 0.101249 -0.707000 -0.699928
vn 0.066690 -0.707000 -0.704063
vn 0.066691 -0.707000 -0.704062
vn 0.031970 -0.707000 -0.706491
vn 0.031970 -0.707000 -0.706491
vn -0.002828 -0.707000 -0.707208
vn -0.002828 -0.707000 -0.707208
vn -0.037619 -0.707000 -0.706213
vn -0.037619 -0.707000 -0.706212
vn -0.072319 -0.707000 -0.703506
vn -0.072319 -0.707000 -0.703507
vn -0.106843 -0.707000 -0.699097
vn -0.106843 -0.707000 -0.699096
vn -0.141109 -0.707000 -0.692993
vn -0.141109 -0.707000 -0.692993
vn -0.175034 -0.707000 -0.685211
vn -0.175034 -0.706999 -0.685212
vn -0.208534 -0.706999 -0.675770
vn -0.208533 -0.707000 -0.675770
vn -0.241529 -0.707000 -0.664691
vn -0.241529 -0.707000 -0.664692
vn -0.273939 -0.707000 -0.652003
vn -0.273939 -0.707000 -0.652004
vn -0.305686 -0.707000 -0.637736
vn -0.305686 -0.707000 -0.637736
vn 0.323611 -0.706998 0.628833
vn 0.323610 -0.706998 0.628832
vn 0.292013 -0.706998 0.644114
vn 0.292012 -0.706998 0.644114
vn 0.259695 -0.706998 0.657809
vn 0.259695 -0.706998 0.657809
vn 0.226737 -0.706998 0.669884
vn 0.226737 -0.706998 0.669884
vn 0.193221 -0.706998 0.680309
vn 0.193221 -0.706998 0.680308
vn 0.159229 -0.706998 0.689058
vn 0.159229 -0.706998 0.689057
vn 0.124845 -0.706998 0.696109
vn 0.124845 -0.706998 0.696109
vn 0.090154 -0.706998 0.701446
vn 0.090153 -0.706998 0.701446
vn 0.055240 -0.706998 0.705055
vn 0.055240 -0.706998 0.705055
vn 0.020190 -0.706998 0.706927
vn 0.020190 -0.706998 0.706927
vn -0.014910 -0.706998 0.707058
vn -0.014910 -0.706998 0.707058
vn -0.049972 -0.706998 0.705448
vn -0.049972 -0.706998 0.705448
vn -0.084912 -0.706998 0.702100
vn -0.084912 -0.706998 0.702100
vn -0.119643 -0.706998 0.697022
vn -0.119643 -0.706998 0.697022
vn -0.154078 -0.706998 0.690227
vn -0.154078 -0.706998 0.690227
vn -0.306778 -0.707015 -0.637195
vn -0.277010 -0.707020 -0.650683
vn -0.306661 -0.707007 -0.637260
vn -0.246006 -0.707025 -0.663021
vn -0.276648 -0.706996 -0.650862
vn -0.213849 -0.707031 -0.674074
vn -0.245379 -0.706985 -0.663295
vn -0.212954 -0.706974 -0.674417
vn -0.180615 -0.707038 -0.683721
vn -0.179417 -0.706963 -0.684114
vn -0.148110 -0.707062 -0.691467
vn -0.146611 -0.706978 -0.691872
vn -0.118127 -0.707080 -0.697197
vn -0.116368 -0.706993 -0.697581
vn -0.089183 -0.707087 -0.701480
vn -0.087126 -0.706985 -0.701841
vn -0.059714 -0.707092 -0.704595
vn -0.057412 -0.706979 -0.704900
vn -0.029852 -0.707099 -0.706484
vn -0.027264 -0.706972 -0.706716
vn 0.000377 -0.707106 -0.707108
vn 0.003229 -0.706966 -0.707240
vn 0.030839 -0.707113 -0.706428
vn 0.033986 -0.706959 -0.706437
vn 0.061515 -0.707119 -0.704414
vn 0.064903 -0.706953 -0.704276
vn 0.092253 -0.707126 -0.701044
vn 0.123034 -0.707132 -0.696295
vn 0.095932 -0.706946 -0.700731
vn 0.153735 -0.707139 -0.690160
vn 0.126944 -0.706941 -0.695787
vn 0.184216 -0.707146 -0.682649
vn 0.157874 -0.706936 -0.689433
vn 0.214478 -0.707151 -0.673749
vn 0.188616 -0.706930 -0.681670
vn 0.244347 -0.707157 -0.663494
vn 0.219056 -0.706925 -0.672512
vn 0.273782 -0.707163 -0.651893
vn 0.249117 -0.706920 -0.661970
vn 0.302660 -0.707169 -0.638991
vn 0.278719 -0.706916 -0.650065
vn 0.330912 -0.707174 -0.624822
vn 0.307748 -0.706913 -0.636840
vn 0.358479 -0.707178 -0.609419
vn 0.336127 -0.706909 -0.622333
vn 0.385218 -0.707184 -0.592872
vn 0.363756 -0.706907 -0.606600
vn 0.390583 -0.706905 -0.589687
vn 0.411123 -0.707188 -0.575207
vn 0.416517 -0.706904 -0.571665
vn 0.436097 -0.707193 -0.556505
vn 0.441515 -0.706902 -0.552589
vn 0.460104 -0.707195 -0.536824
vn 0.465488 -0.706902 -0.532552
vn 0.483075 -0.707199 -0.516245
vn 0.488395 -0.706903 -0.511624
vn 0.504937 -0.707203 -0.494877
vn 0.510200 -0.706904 -0.489880
vn 0.525692 -0.707205 -0.472767
vn 0.530871 -0.706904 -0.467400
vn 0.545311 -0.707206 -0.449995
vn 0.550346 -0.706905 -0.444303
vn 0.563779 -0.707208 -0.426628
vn 0.568653 -0.706907 -0.420613
vn 0.581022 -0.707209 -0.402826
vn 0.585736 -0.706909 -0.396475
vn 0.597096 -0.707209 -0.378592
vn 0.601616 -0.706911 -0.371934
vn 0.611968 -0.707209 -0.354049
vn 0.616274 -0.706913 -0.347103
vn 0.625691 -0.707209 -0.329190
vn 0.629745 -0.706918 -0.322007
vn 0.638194 -0.707209 -0.304244
vn 0.642008 -0.706922 -0.296796
vn 0.649572 -0.707209 -0.279126
vn 0.653117 -0.706927 -0.271464
vn 0.659786 -0.707209 -0.254043
vn 0.663073 -0.706930 -0.246138
vn 0.668342 -0.707190 -0.230652
vn 0.670544 -0.707034 -0.224661
vn 0.675438 -0.707145 -0.209118
vn 0.676119 -0.707079 -0.207132
vn 0.646066 -0.706996 0.287674
vn 0.646059 -0.706997 0.287687
vn 0.631614 -0.707017 0.318104
vn 0.631620 -0.707016 0.318095
vn 0.617300 -0.707031 0.345034
vn 0.617278 -0.707034 0.345067
vn 0.602576 -0.707033 0.370144
vn 0.602598 -0.707031 0.370113
vn 0.586836 -0.707030 0.394628
vn 0.586819 -0.707032 0.394650
vn 0.570002 -0.707031 0.418575
vn 0.570008 -0.707030 0.418567
vn 0.552168 -0.707031 0.441834
vn 0.552173 -0.707031 0.441829
vn 0.533377 -0.707031 0.464344
vn 0.533377 -0.707031 0.464345
vn 0.513636 -0.707031 0.486091
vn 0.513638 -0.707031 0.486089
vn 0.493051 -0.707031 0.506959
vn 0.493045 -0.707031 0.506965
vn 0.471625 -0.707031 0.526950
vn 0.471627 -0.707031 0.526948
vn 0.449443 -0.707032 0.545992
vn 0.449443 -0.707032 0.545992
vn 0.426565 -0.707032 0.564046
vn 0.426564 -0.707032 0.564047
vn 0.403078 -0.707033 0.581061
vn 0.403082 -0.707033 0.581059
vn 0.378988 -0.707034 0.597052
vn 0.379002 -0.707033 0.597045
vn 0.359868 -0.707084 0.608709
vn 0.359884 -0.707084 0.608701
vn 0.346038 -0.707084 0.616676
vn 0.346045 -0.707084 0.616672
vn 0.683417 -0.707004 -0.181898
vn 0.683418 -0.707001 -0.181904
vn 0.691426 -0.707001 -0.148590
vn 0.691426 -0.707001 -0.148590
vn 0.697808 -0.707004 -0.114928
vn 0.702555 -0.707004 -0.081004
vn 0.697810 -0.707001 -0.114935
vn 0.702556 -0.707004 -0.081002
vn 0.705654 -0.707004 -0.046880
vn 0.705655 -0.707003 -0.046881
vn 0.707096 -0.707005 -0.012656
vn 0.707096 -0.707004 -0.012659
vn 0.706879 -0.707005 0.021602
vn 0.706879 -0.707005 0.021602
vn 0.705006 -0.707002 0.055808
vn 0.705003 -0.707004 0.055813
vn 0.701476 -0.707002 0.089885
vn 0.701476 -0.707002 0.089885
vn 0.696300 -0.707002 0.123751
vn 0.696300 -0.707002 0.123751
vn 0.689488 -0.707004 0.157330
vn 0.681060 -0.707004 0.190533
vn 0.689490 -0.707002 0.157327
vn 0.671033 -0.707005 0.223291
vn 0.681060 -0.707005 0.190530
vn 0.671033 -0.707004 0.223292
vn 0.659436 -0.707002 0.255523
vn 0.659432 -0.707004 0.255526
vn -0.000000 -0.000000 -1.000000
vn 0.000000 0.000000 -1.000000
vn 0.000000 -1.000000 0.000000
vn 0.000000 -1.000000 0.000000
vn 0.000000 -0.000000 1.000000
vn 0.000000 0.000000 1.000000
vn 0.000000 1.000000 0.000000
vn 0.000000 1.000000 0.000000
vn 0.000000 0.707107 -0.707107
vn 0.000000 0.707107 -0.707107
vn -0.000000 0.707107 -0.707107
vn 0.000000 0.707107 -0.707107
vn 0.000000 0.707107 -0.707107
vn -0.000000 0.707107 -0.707107
vn -0.707107 0.000000 0.707107
vn -0.707107 0.000000 0.707107
vn -0.707107 -0.500000 0.500000
vn -0.707107 -0.500000 0.500000
vn -0.707107 0.500000 0.500000
vn -0.707107 0.500000 0.500000
vn -0.707107 -0.707107 0.000000
vn -0.707107 -0.707107 0.000000
vn -0.707107 0.707107 0.000000
vn -0.707107 0.707107 0.000000
vn -0.707107 -0.500000 -0.500000
vn -0.707107 -0.500000 -0.500000
vn -0.707107 0.500000 -0.500000
vn -0.707107 0.500000 -0.500000
vn -0.707107 0.000000 -0.707107
vn -0.707107 0.000000 -0.707107
vn -0.697697 0.716188 -0.017127
vn -0.705296 0.707001 -0.052024
vn -0.701893 0.707001 -0.086576
vn -0.696800 0.707002 -0.120902
vn -0.690027 0.707002 -0.154952
vn -0.694835 0.711745 -0.103071
vn -0.706681 0.706681 -0.034716
vn -0.715562 0.698328 -0.017570
vn -0.705296 0.707001 -0.052024
vn -0.701894 0.707001 -0.086569
vn -0.706681 0.706680 -0.034719
vn -0.681594 0.707001 -0.188625
vn -0.671519 0.707001 -0.221838
vn -0.681385 0.711747 -0.170677
vn -0.696800 0.707002 -0.120904
vn -0.690027 0.707002 -0.154954
vn -0.699878 0.706677 -0.103820
vn -0.703678 0.702811 -0.104377
vn -0.699876 0.706680 -0.103813
vn -0.659824 0.707002 -0.254521
vn -0.646539 0.707002 -0.286592
vn -0.661375 0.711746 -0.236645
vn -0.686331 0.706679 -0.171916
vn -0.681595 0.707001 -0.188621
vn -0.671519 0.707001 -0.221838
vn -0.686332 0.706676 -0.171921
vn -0.690056 0.702811 -0.172854
vn -0.631699 0.707002 -0.317970
vn -0.615335 0.707002 -0.348585
vn -0.634995 0.711747 -0.300330
vn -0.669794 0.702810 -0.239652
vn -0.666177 0.706677 -0.238363
vn -0.659823 0.707002 -0.254523
vn -0.646538 0.707002 -0.286594
vn -0.666176 0.706679 -0.238358
vn -0.597491 0.707002 -0.378356
vn -0.578205 0.707002 -0.407219
vn -0.602500 0.711746 -0.361125
vn -0.639605 0.706678 -0.302510
vn -0.643075 0.702811 -0.304155
vn -0.639605 0.706677 -0.302513
vn -0.631699 0.707002 -0.317970
vn -0.615335 0.707002 -0.348585
vn -0.557528 0.707001 -0.435100
vn -0.535509 0.707001 -0.461931
vn -0.564203 0.711746 -0.418440
vn -0.610167 0.702811 -0.365722
vn -0.597495 0.707000 -0.378352
vn -0.578204 0.707000 -0.407223
vn -0.606873 0.706678 -0.363747
vn -0.606873 0.706678 -0.363747
vn -0.512196 0.707000 -0.487653
vn -0.487653 0.707000 -0.512196
vn -0.520472 0.711746 -0.471727
vn -0.568299 0.706678 -0.421476
vn -0.571385 0.702811 -0.423764
vn -0.524251 0.706677 -0.475151
vn -0.557527 0.707003 -0.435099
vn -0.535506 0.707003 -0.461931
vn -0.568299 0.706677 -0.421478
vn -0.461932 0.707001 -0.535507
vn -0.435100 0.707001 -0.557528
vn -0.471727 0.711746 -0.520472
vn -0.527095 0.702812 -0.477731
vn -0.512199 0.707002 -0.487649
vn -0.487651 0.707002 -0.512197
vn -0.524249 0.706678 -0.475152
vn -0.475151 0.706678 -0.524250
vn -0.407218 0.707002 -0.578206
vn -0.378359 0.707002 -0.597489
vn -0.418440 0.711747 -0.564203
vn -0.461929 0.707003 -0.535508
vn -0.435100 0.707003 -0.557526
vn -0.477731 0.702811 -0.527095
vn -0.475152 0.706677 -0.524249
vn -0.348583 0.707002 -0.615336
vn -0.317969 0.707002 -0.631699
vn -0.361125 0.711747 -0.602499
vn -0.423765 0.702811 -0.571384
vn -0.421478 0.706678 -0.568298
vn -0.407216 0.707002 -0.578207
vn -0.378360 0.707002 -0.597489
vn -0.421477 0.706677 -0.568299
vn -0.363746 0.706678 -0.606873
vn -0.300331 0.711746 -0.634995
vn -0.286591 0.707001 -0.646541
vn -0.254523 0.707001 -0.659824
vn -0.348582 0.707002 -0.615336
vn -0.317970 0.707002 -0.631699
vn -0.365723 0.702811 -0.610168
vn -0.363748 0.706677 -0.606873
vn -0.236643 0.711746 -0.661375
vn -0.221840 0.707002 -0.671518
vn -0.188622 0.707002 -0.681594
vn -0.286591 0.707002 -0.646540
vn -0.254522 0.707002 -0.659823
vn -0.302510 0.706677 -0.639605
vn -0.304152 0.702811 -0.643077
vn -0.302511 0.706678 -0.639604
vn -0.154952 0.707001 -0.690028
vn -0.120906 0.707002 -0.696800
vn -0.170679 0.711746 -0.681385
vn -0.238361 0.706678 -0.666176
vn -0.238361 0.706678 -0.666176
vn -0.239655 0.702811 -0.669793
vn -0.221838 0.707002 -0.671518
vn -0.188624 0.707002 -0.681594
vn -0.086570 0.707002 -0.701893
vn -0.052025 0.707002 -0.705296
vn -0.017128 0.716188 -0.697697
vn -0.103069 0.711746 -0.694834
vn -0.171918 0.706678 -0.686331
vn -0.172851 0.702811 -0.690058
vn -0.154952 0.707001 -0.690028
vn -0.120905 0.707001 -0.696800
vn -0.171917 0.706678 -0.686331
vn -0.103817 0.706678 -0.699877
vn -0.104380 0.702811 -0.703677
vn -0.034724 0.706678 -0.706683
vn -0.034714 0.706681 -0.706681
vn -0.086571 0.707001 -0.701894
vn -0.052026 0.707002 -0.705296
vn -0.017566 0.698327 -0.715563
vn -0.103817 0.706678 -0.699877
vn -0.707107 0.707107 0.000000
vn -0.707107 0.707107 0.000000
vn -0.550311 0.696018 -0.461213
vn -0.562670 0.707721 -0.427238
vn -0.583908 0.706084 -0.400620
vn -0.551664 0.706747 -0.442917
vn -0.533351 0.718144 -0.446996
vn -0.563846 0.706243 -0.428133
vn -0.582345 0.707981 -0.399545
vn -0.551661 0.706744 -0.442924
vn -0.600675 0.708232 -0.370941
vn -0.620682 0.704953 -0.343215
vn -0.593645 0.701506 -0.394304
vn -0.602830 0.705697 -0.372275
vn -0.616993 0.709169 -0.341173
vn -0.589318 0.706745 -0.391429
vn -0.584160 0.712889 -0.388004
vn -0.589318 0.706744 -0.391430
vn -0.633255 0.708536 -0.311392
vn -0.652007 0.703606 -0.282533
vn -0.626409 0.701900 -0.339039
vn -0.636095 0.705369 -0.312791
vn -0.645622 0.710566 -0.279765
vn -0.617139 0.712437 -0.334024
vn -0.622181 0.706745 -0.336751
vn -0.622182 0.706745 -0.336753
vn -0.660143 0.708638 -0.249085
vn -0.653870 0.702487 -0.281009
vn -0.663304 0.705260 -0.250272
vn -0.649987 0.706743 -0.279340
vn -0.645347 0.711764 -0.277343
vn -0.649986 0.706745 -0.279337
vn -0.676134 0.703607 -0.218589
vn -0.681117 0.708535 -0.184544
vn -0.676526 0.702486 -0.220967
vn -0.669509 0.710567 -0.216453
vn -0.684173 0.705370 -0.185366
vn -0.672506 0.706744 -0.219654
vn -0.672507 0.706743 -0.219656
vn -0.667706 0.711763 -0.218087
vn -0.692701 0.704952 -0.152340
vn -0.695997 0.708231 -0.118308
vn -0.694244 0.701898 -0.159261
vn -0.688582 0.709170 -0.151436
vn -0.698494 0.705698 -0.118731
vn -0.689558 0.706744 -0.158185
vn -0.689559 0.706743 -0.158187
vn -0.683968 0.712440 -0.156902
vn -0.703013 0.706085 -0.084956
vn -0.704652 0.707722 -0.050935
vn -0.717814 0.696021 -0.017271
vn -0.706150 0.701507 -0.096129
vn -0.706747 0.706747 -0.031897
vn -0.701131 0.707981 -0.084730
vn -0.706127 0.706242 -0.051046
vn -0.695692 0.718145 -0.016736
vn -0.694869 0.712888 -0.094594
vn -0.701005 0.706743 -0.095429
vn -0.706751 0.706744 -0.031888
vn -0.701004 0.706744 -0.095428
vn 0.017209 0.715797 -0.698096
vn 0.052255 0.706842 -0.705439
vn 0.086910 0.707168 -0.701684
vn 0.121460 0.706696 -0.697014
vn 0.155512 0.707347 -0.689547
vn 0.101744 0.711612 -0.695167
vn 0.034261 0.706692 -0.706692
vn 0.034261 0.706692 -0.706692
vn 0.189510 0.706560 -0.681805
vn 0.222566 0.707538 -0.670712
vn 0.168520 0.711588 -0.682088
vn 0.102461 0.706692 -0.700063
vn 0.102461 0.706692 -0.700063
vn 0.034261 0.706692 -0.706692
vn 0.017610 0.699548 -0.714368
vn 0.052234 0.707128 -0.705154
vn 0.086947 0.706861 -0.701988
vn 0.255741 0.706437 -0.659957
vn 0.287419 0.707740 -0.645364
vn 0.233723 0.711552 -0.662622
vn 0.169701 0.706692 -0.686869
vn 0.169701 0.706692 -0.686869
vn 0.102942 0.703353 -0.703347
vn 0.102461 0.706692 -0.700063
vn 0.121365 0.707247 -0.696471
vn 0.155652 0.706714 -0.690165
vn 0.102461 0.706692 -0.700063
vn 0.319506 0.706324 -0.631682
vn 0.349438 0.707953 -0.613756
vn 0.296745 0.711503 -0.636950
vn 0.235349 0.706692 -0.667232
vn 0.235348 0.706692 -0.667232
vn 0.169701 0.706692 -0.686869
vn 0.170492 0.703370 -0.690074
vn 0.189296 0.707358 -0.681038
vn 0.222875 0.706558 -0.671642
vn 0.169701 0.706692 -0.686869
vn 0.380184 0.706222 -0.597252
vn 0.408020 0.708176 -0.576199
vn 0.356999 0.711443 -0.605310
vn 0.298788 0.706692 -0.641336
vn 0.298789 0.706692 -0.641336
vn 0.235348 0.706692 -0.667232
vn 0.255371 0.707459 -0.659005
vn 0.235348 0.706692 -0.667232
vn 0.287968 0.706392 -0.646595
vn 0.236439 0.703395 -0.670322
vn 0.413922 0.711371 -0.567996
vn 0.437179 0.706132 -0.557003
vn 0.462598 0.708411 -0.533064
vn 0.416693 0.706692 -0.571799
vn 0.359426 0.706692 -0.609426
vn 0.359426 0.706692 -0.609426
vn 0.300159 0.703428 -0.644277
vn 0.298789 0.706692 -0.641336
vn 0.318953 0.707550 -0.630588
vn 0.350298 0.706216 -0.615264
vn 0.298789 0.706692 -0.641336
vn 0.359426 0.706692 -0.609426
vn 0.489933 0.706053 -0.511326
vn 0.512639 0.708657 -0.484775
vn 0.466982 0.711287 -0.525355
vn 0.416693 0.706692 -0.571799
vn 0.359426 0.706692 -0.609426
vn 0.361054 0.703470 -0.612185
vn 0.379426 0.707633 -0.596063
vn 0.409260 0.706032 -0.577949
vn 0.515683 0.711191 -0.477785
vn 0.537933 0.705986 -0.460665
vn 0.557661 0.708914 -0.431806
vn 0.470051 0.706692 -0.528809
vn 0.470052 0.706692 -0.528809
vn 0.416693 0.706692 -0.571799
vn 0.416693 0.706691 -0.571799
vn 0.418550 0.703520 -0.574348
vn 0.436206 0.707707 -0.555766
vn 0.464285 0.705838 -0.535007
vn 0.580709 0.705929 -0.405515
vn 0.597226 0.709181 -0.374678
vn 0.559570 0.711082 -0.425728
vn 0.519000 0.706692 -0.480859
vn 0.519001 0.706691 -0.480859
vn 0.488746 0.707771 -0.510086
vn 0.514836 0.705635 -0.486851
vn 0.470052 0.706691 -0.528809
vn 0.519000 0.706692 -0.480859
vn 0.472109 0.703578 -0.531123
vn 0.470051 0.706692 -0.528809
vn 0.617840 0.705884 -0.346412
vn 0.630953 0.709459 -0.313952
vn 0.598232 0.710961 -0.369665
vn 0.563082 0.706691 -0.428399
vn 0.563082 0.706692 -0.428399
vn 0.521224 0.703644 -0.482919
vn 0.519000 0.706692 -0.480859
vn 0.536536 0.707826 -0.459470
vn 0.560421 0.705422 -0.433945
vn 0.648968 0.705850 -0.283931
vn 0.658519 0.709748 -0.250222
vn 0.631306 0.710829 -0.310122
vn 0.601882 0.706692 -0.371921
vn 0.601882 0.706692 -0.371921
vn 0.563081 0.706692 -0.428399
vn 0.565435 0.703718 -0.430190
vn 0.601882 0.706692 -0.371921
vn 0.563082 0.706692 -0.428399
vn 0.579118 0.707872 -0.404400
vn 0.600599 0.705200 -0.376795
vn 0.658481 0.710684 -0.247649
vn 0.673784 0.705828 -0.218683
vn 0.679658 0.710048 -0.184114
vn 0.635037 0.706692 -0.311954
vn 0.635037 0.706692 -0.311954
vn 0.604328 0.703802 -0.373431
vn 0.601882 0.706692 -0.371920
vn 0.635036 0.706692 -0.311954
vn 0.616076 0.707908 -0.345422
vn 0.634976 0.704968 -0.315953
vn 0.692047 0.705816 -0.151308
vn 0.679502 0.710527 -0.182833
vn 0.662235 0.706692 -0.249061
vn 0.662235 0.706692 -0.249061
vn 0.635036 0.706692 -0.311955
vn 0.637535 0.703893 -0.313183
vn 0.647058 0.707936 -0.283095
vn 0.663213 0.704727 -0.252008
vn 0.694170 0.710358 -0.116272
vn 0.694171 0.710357 -0.116270
vn 0.703580 0.705816 -0.082458
vn 0.697801 0.706692 -0.116880
vn 0.683222 0.706692 -0.183833
vn 0.683222 0.706692 -0.183833
vn 0.662235 0.706692 -0.249061
vn 0.664750 0.703992 -0.250007
vn 0.662235 0.706692 -0.249061
vn 0.671763 0.707954 -0.218026
vn 0.685037 0.704476 -0.185573
vn 0.702556 0.710048 -0.047405
vn 0.708268 0.705828 -0.012804
vn 0.701992 0.710527 -0.048565
vn 0.697801 0.706692 -0.116880
vn 0.683222 0.706692 -0.183833
vn 0.685713 0.704100 -0.184504
vn 0.683222 0.706692 -0.183833
vn 0.689951 0.707963 -0.150848
vn 0.704113 0.709748 0.021984
vn 0.706067 0.705850 0.056965
vn 0.703239 0.710684 0.019565
vn 0.705835 0.706692 -0.048831
vn 0.705835 0.706691 -0.048830
vn 0.707248 0.706691 0.019676
vn 0.697801 0.706692 -0.116880
vn 0.700232 0.704215 -0.117287
vn 0.697801 0.706692 -0.116880
vn 0.700231 0.704216 -0.117285
vn 0.701448 0.707964 -0.082207
vn 0.698818 0.709459 0.091220
vn 0.696999 0.705884 0.126178
vn 0.697903 0.710829 0.087482
vn 0.707248 0.706691 0.019676
vn 0.702028 0.706691 0.087999
vn 0.705834 0.706692 -0.048831
vn 0.705835 0.706692 -0.048830
vn 0.708408 0.704100 -0.049008
vn 0.708118 0.704476 -0.047779
vn 0.706143 0.707954 -0.012770
vn 0.686037 0.710962 0.154553
vn 0.686720 0.709181 0.159621
vn 0.681152 0.705929 0.194154
vn 0.702028 0.706692 0.088000
vn 0.707248 0.706692 0.019677
vn 0.709934 0.703992 0.019751
vn 0.707248 0.706692 0.019676
vn 0.709134 0.704726 0.022143
vn 0.703990 0.707936 0.056799
vn 0.667929 0.708914 0.226522
vn 0.658682 0.705986 0.260236
vn 0.667753 0.711082 0.220153
vn 0.690223 0.706691 0.155497
vn 0.690223 0.706692 0.155496
vn 0.702028 0.706692 0.088000
vn 0.702027 0.706692 0.087999
vn 0.704791 0.703893 0.088345
vn 0.703274 0.704967 0.091798
vn 0.695008 0.707908 0.125820
vn 0.643225 0.711190 0.283671
vn 0.642625 0.708656 0.291272
vn 0.629811 0.706053 0.323771
vn 0.671945 0.706692 0.221534
vn 0.671945 0.706691 0.221535
vn 0.690223 0.706692 0.155496
vn 0.690223 0.706692 0.155496
vn 0.693028 0.703801 0.156128
vn 0.690598 0.705200 0.160523
vn 0.679285 0.707872 0.193622
vn 0.612683 0.711287 0.344515
vn 0.611050 0.708411 0.353231
vn 0.594819 0.706132 0.384147
vn 0.616710 0.706692 0.346779
vn 0.647363 0.706692 0.285496
vn 0.647363 0.706692 0.285496
vn 0.674753 0.703719 0.222461
vn 0.647363 0.706692 0.285496
vn 0.671944 0.706692 0.221535
vn 0.671944 0.706692 0.221535
vn 0.671235 0.705422 0.227646
vn 0.656971 0.707826 0.259559
vn 0.576414 0.711371 0.402118
vn 0.573508 0.708177 0.411794
vn 0.554050 0.706223 0.440770
vn 0.616710 0.706692 0.346779
vn 0.628284 0.707770 0.322987
vn 0.647362 0.706692 0.285497
vn 0.650136 0.703644 0.286720
vn 0.645379 0.705634 0.292517
vn 0.530359 0.707952 0.466394
vn 0.507905 0.706324 0.493092
vn 0.534756 0.711443 0.455943
vn 0.580272 0.706692 0.404810
vn 0.580272 0.706692 0.404809
vn 0.613277 0.705838 0.354520
vn 0.593497 0.707707 0.383292
vn 0.616710 0.706692 0.346778
vn 0.580272 0.706692 0.404810
vn 0.619410 0.703577 0.348296
vn 0.616710 0.706692 0.346779
vn 0.488101 0.711503 0.505490
vn 0.482024 0.707740 0.516485
vn 0.456834 0.706437 0.540601
vn 0.538392 0.706692 0.459043
vn 0.538392 0.706692 0.459043
vn 0.575249 0.706032 0.413047
vn 0.552947 0.707633 0.439892
vn 0.582860 0.703520 0.406614
vn 0.580273 0.706691 0.404809
vn 0.538393 0.706691 0.459043
vn 0.436883 0.711552 0.550297
vn 0.428970 0.707538 0.561583
vn 0.401336 0.706560 0.582839
vn 0.491462 0.706692 0.508972
vn 0.491462 0.706692 0.508971
vn 0.531664 0.706216 0.467538
vn 0.507024 0.707550 0.492239
vn 0.540830 0.703470 0.461122
vn 0.538392 0.706692 0.459044
vn 0.381583 0.711588 0.589947
vn 0.371716 0.707348 0.601238
vn 0.341953 0.706696 0.619395
vn 0.439923 0.706691 0.554126
vn 0.439923 0.706692 0.554125
vn 0.482945 0.706392 0.517470
vn 0.456173 0.707459 0.539822
vn 0.493716 0.703428 0.511305
vn 0.491462 0.706691 0.508972
vn 0.491463 0.706692 0.508971
vn 0.322714 0.711611 0.624072
vn 0.310813 0.707168 0.635066
vn 0.279273 0.706842 0.649909
vn 0.243746 0.715797 0.654387
vn 0.324987 0.706692 0.628467
vn 0.384257 0.706692 0.594082
vn 0.384257 0.706691 0.594083
vn 0.429568 0.706557 0.562360
vn 0.400882 0.707357 0.582185
vn 0.441960 0.703395 0.556693
vn 0.439923 0.706692 0.554125
vn 0.439922 0.706691 0.554126
vn 0.384256 0.706692 0.594082
vn 0.262668 0.706692 0.656957
vn 0.262668 0.706692 0.656957
vn 0.324987 0.706692 0.628467
vn 0.372048 0.706714 0.601777
vn 0.341688 0.707248 0.618910
vn 0.386051 0.703370 0.596854
vn 0.384257 0.706691 0.594082
vn 0.310947 0.706861 0.635341
vn 0.279159 0.707128 0.649646
vn 0.249427 0.699548 0.669641
vn 0.326511 0.703354 0.631414
vn 0.262668 0.706692 0.656957
vn 0.324987 0.706692 0.628467
vn 0.324987 0.706692 0.628467
vn 0.370450 0.706846 -0.602607
vn 0.370057 0.707005 -0.602663
vn 0.340330 0.707000 -0.619941
vn 0.340329 0.707001 -0.619941
vn 0.309470 0.707000 -0.635908
vn 0.309470 0.707000 -0.635908
vn 0.277862 0.707000 -0.650341
vn 0.277862 0.707000 -0.650341
vn 0.245585 0.707000 -0.663204
vn 0.245584 0.707000 -0.663204
vn 0.212713 0.707000 -0.674466
vn 0.212713 0.707000 -0.674466
vn 0.179329 0.707000 -0.684100
vn 0.179329 0.707000 -0.684100
vn 0.145513 0.707000 -0.692081
vn 0.145515 0.707000 -0.692081
vn 0.111343 0.707000 -0.698394
vn 0.076906 0.707000 -0.703019
vn 0.111342 0.707000 -0.698393
vn 0.076907 0.707001 -0.703019
vn 0.042282 0.707001 -0.705948
vn 0.042284 0.707000 -0.705948
vn 0.007559 0.707000 -0.707173
vn 0.007560 0.707000 -0.707173
vn -0.027184 0.707000 -0.706691
vn -0.027185 0.707000 -0.706690
vn -0.061862 0.707000 -0.704503
vn -0.096390 0.707000 -0.700614
vn -0.061862 0.707000 -0.704503
vn -0.096390 0.707000 -0.700614
vn -0.130686 0.707000 -0.695034
vn -0.130686 0.707000 -0.695034
vn -0.164666 0.707000 -0.687776
vn -0.198248 0.707000 -0.678858
vn -0.164665 0.707000 -0.687776
vn -0.231354 0.707000 -0.668302
vn -0.198250 0.707000 -0.678858
vn -0.231353 0.707000 -0.668302
vn -0.263898 0.707000 -0.656131
vn -0.263898 0.707000 -0.656132
vn -0.295806 0.707000 -0.642379
vn -0.295807 0.707000 -0.642378
vn -0.327002 0.707000 -0.627073
vn -0.327000 0.707000 -0.627074
vn -0.357406 0.707000 -0.610256
vn -0.357406 0.707000 -0.610255
vn -0.386948 0.707000 -0.591965
vn -0.415557 0.707000 -0.572244
vn -0.386948 0.707000 -0.591964
vn -0.415557 0.707000 -0.572244
vn -0.443163 0.707000 -0.551142
vn -0.443163 0.707000 -0.551142
vn -0.469698 0.707000 -0.528710
vn -0.469698 0.707000 -0.528711
vn -0.495099 0.707000 -0.505002
vn -0.519305 0.707000 -0.480076
vn -0.495099 0.707000 -0.505002
vn -0.519305 0.707000 -0.480076
vn 0.214677 0.707009 0.673833
vn 0.214677 0.707009 0.673833
vn 0.182796 0.707009 0.683171
vn 0.182796 0.707009 0.683172
vn 0.150511 0.707009 0.691002
vn 0.150512 0.707009 0.691002
vn 0.117895 0.707009 0.697308
vn 0.117895 0.707009 0.697308
vn 0.085018 0.707009 0.702076
vn 0.085018 0.707009 0.702075
vn 0.051954 0.707009 0.705293
vn 0.051953 0.707009 0.705294
vn 0.018774 0.707009 0.706955
vn 0.018774 0.707009 0.706955
vn -0.014446 0.707009 0.707057
vn -0.014446 0.707009 0.707057
vn -0.047635 0.707009 0.705598
vn -0.047635 0.707009 0.705598
vn -0.080718 0.707009 0.702583
vn -0.080719 0.707009 0.702583
vn -0.113624 0.707009 0.698017
vn -0.113624 0.707009 0.698017
vn -0.146279 0.707009 0.691911
vn -0.146279 0.707009 0.691911
vn -0.178611 0.707009 0.684278
vn -0.178610 0.707009 0.684278
vn -0.210548 0.707009 0.675135
vn -0.210548 0.707009 0.675135
vn -0.305685 0.707000 -0.637736
vn -0.305686 0.707000 -0.637736
vn -0.273939 0.707000 -0.652004
vn -0.273939 0.707000 -0.652003
vn -0.241529 0.707000 -0.664691
vn -0.241529 0.707000 -0.664692
vn -0.208534 0.706999 -0.675770
vn -0.208534 0.707000 -0.675770
vn -0.175034 0.706999 -0.685212
vn -0.175034 0.707000 -0.685211
vn -0.141109 0.707000 -0.692993
vn -0.141109 0.707000 -0.692993
vn -0.106843 0.707000 -0.699096
vn -0.106843 0.707000 -0.699097
vn -0.072319 0.707000 -0.703507
vn -0.072319 0.707000 -0.703506
vn -0.037619 0.707000 -0.706212
vn -0.037619 0.707000 -0.706213
vn -0.002828 0.707000 -0.707208
vn -0.002828 0.707000 -0.707208
vn 0.031970 0.707000 -0.706491
vn 0.031970 0.707000 -0.706491
vn 0.066690 0.707000 -0.704062
vn 0.066691 0.707000 -0.704062
vn 0.101249 0.707000 -0.699928
vn 0.101249 0.707000 -0.699929
vn 0.135563 0.707000 -0.694099
vn 0.135563 0.707000 -0.694100
vn 0.169548 0.707000 -0.686589
vn 0.169548 0.707000 -0.686589
vn 0.203123 0.707000 -0.677416
vn 0.203123 0.707000 -0.677416
vn 0.236206 0.707000 -0.666602
vn 0.236206 0.707000 -0.666602
vn 0.268716 0.707000 -0.654174
vn 0.268716 0.707000 -0.654174
vn 0.300576 0.707000 -0.640161
vn 0.300576 0.707000 -0.640160
vn 0.331708 0.706999 -0.624597
vn 0.331707 0.707000 -0.624597
vn -0.154489 0.705108 0.692067
vn -0.153119 0.707010 0.690429
vn -0.119643 0.706998 0.697022
vn -0.119643 0.706998 0.697022
vn -0.084912 0.706998 0.702100
vn -0.084912 0.706998 0.702100
vn -0.049972 0.706998 0.705448
vn -0.049972 0.706998 0.705448
vn -0.014910 0.706998 0.707058
vn -0.014910 0.706998 0.707058
vn 0.020190 0.706998 0.706927
vn 0.020190 0.706998 0.706927
vn 0.055240 0.706998 0.705055
vn 0.055240 0.706998 0.705055
vn 0.090154 0.706998 0.701446
vn 0.090153 0.706998 0.701446
vn 0.124845 0.706998 0.696109
vn 0.124845 0.706998 0.696109
vn 0.159229 0.706998 0.689057
vn 0.159229 0.706998 0.689058
vn 0.193221 0.706998 0.680308
vn 0.193221 0.706998 0.680309
vn 0.226737 0.706998 0.669884
vn 0.226737 0.706998 0.669884
vn 0.259695 0.706998 0.657809
vn 0.259695 0.706998 0.657809
vn 0.292012 0.706998 0.644113
vn 0.292012 0.706998 0.644114
vn 0.323610 0.706998 0.628832
vn 0.323611 0.706998 0.628833
vn 0.674082 0.707016 -0.213876
vn 0.663476 0.707021 -0.244787
vn 0.674051 0.707008 -0.213995
vn 0.651189 0.707025 -0.275804
vn 0.663351 0.706997 -0.245197
vn 0.637159 0.707032 -0.306813
vn 0.650964 0.706986 -0.276434
vn 0.636791 0.706975 -0.307708
vn 0.621409 0.707039 -0.337560
vn 0.620867 0.706963 -0.338714
vn 0.604717 0.707062 -0.366580
vn 0.603997 0.706980 -0.367923
vn 0.588334 0.707082 -0.392299
vn 0.587395 0.706993 -0.393863
vn 0.571593 0.707087 -0.416304
vn 0.570438 0.706985 -0.418059
vn 0.553654 0.707092 -0.439874
vn 0.552295 0.706979 -0.441760
vn 0.534533 0.707099 -0.462909
vn 0.532919 0.706971 -0.464961
vn 0.514250 0.707105 -0.485334
vn 0.512402 0.706966 -0.487486
vn 0.492874 0.707113 -0.507017
vn 0.490711 0.706958 -0.509325
vn 0.470353 0.707118 -0.527970
vn 0.467935 0.706953 -0.530334
vn 0.446806 0.707126 -0.548030
vn 0.422243 0.707132 -0.567165
vn 0.444057 0.706947 -0.550490
vn 0.396725 0.707138 -0.585291
vn 0.419183 0.706940 -0.569667
vn 0.370346 0.707145 -0.602320
vn 0.393352 0.706935 -0.587807
vn 0.343128 0.707152 -0.618223
vn 0.366639 0.706930 -0.604835
vn 0.315156 0.707157 -0.632935
vn 0.339061 0.706924 -0.620722
vn 0.286536 0.707163 -0.646389
vn 0.310778 0.706920 -0.635359
vn 0.257335 0.707169 -0.658553
vn 0.281818 0.706916 -0.648729
vn 0.227620 0.707173 -0.669399
vn 0.252272 0.706912 -0.660783
vn 0.197535 0.707179 -0.678880
vn 0.222263 0.706910 -0.671474
vn 0.167149 0.707184 -0.686988
vn 0.191846 0.706907 -0.680792
vn 0.161136 0.706904 -0.688710
vn 0.136508 0.707187 -0.693723
vn 0.130235 0.706903 -0.695217
vn 0.105764 0.707192 -0.699066
vn 0.099219 0.706902 -0.700318
vn 0.074994 0.707196 -0.703029
vn 0.068190 0.706902 -0.704017
vn 0.044280 0.707199 -0.705626
vn 0.037250 0.706902 -0.706329
vn 0.013721 0.707202 -0.706878
vn 0.006462 0.706903 -0.707281
vn -0.016621 0.707204 -0.706814
vn -0.024056 0.706904 -0.706901
vn -0.046638 0.707206 -0.705467
vn -0.054243 0.706905 -0.705225
vn -0.076286 0.707208 -0.702878
vn -0.084019 0.706907 -0.702298
vn -0.105464 0.707209 -0.699094
vn -0.113308 0.706910 -0.698169
vn -0.134123 0.707210 -0.694165
vn -0.142056 0.706912 -0.692889
vn -0.162212 0.707210 -0.688143
vn -0.170197 0.706916 -0.686515
vn -0.189632 0.707211 -0.681097
vn -0.197685 0.706918 -0.679108
vn -0.216443 0.707210 -0.673058
vn -0.224456 0.706923 -0.670730
vn -0.242456 0.707210 -0.664130
vn -0.250488 0.706927 -0.661445
vn -0.267753 0.707210 -0.654342
vn -0.275769 0.706931 -0.651307
vn -0.290634 0.707190 -0.644526
vn -0.296510 0.707034 -0.642016
vn -0.311151 0.707144 -0.634927
vn -0.313078 0.707078 -0.634053
vn 0.354526 0.706996 0.611938
vn 0.354526 0.706996 0.611938
vn 0.383264 0.707017 0.594336
vn 0.383254 0.707016 0.594344
vn 0.408527 0.707032 0.577245
vn 0.408543 0.707033 0.577232
vn 0.431900 0.707032 0.559972
vn 0.431896 0.707031 0.559976
vn 0.454637 0.707032 0.541674
vn 0.454630 0.707031 0.541681
vn 0.476627 0.707032 0.522429
vn 0.476620 0.707032 0.522437
vn 0.497859 0.707031 0.502239
vn 0.497869 0.707032 0.502227
vn 0.518269 0.707031 0.481150
vn 0.518272 0.707031 0.481146
vn 0.537788 0.707030 0.459231
vn 0.537795 0.707030 0.459221
vn 0.556363 0.707031 0.436541
vn 0.556357 0.707030 0.436549
vn 0.573982 0.707032 0.413100
vn 0.573978 0.707031 0.413106
vn 0.590548 0.707031 0.389051
vn 0.590552 0.707032 0.389042
vn 0.606088 0.707033 0.364366
vn 0.606081 0.707032 0.364378
vn 0.620501 0.707031 0.339243
vn 0.620513 0.707033 0.339216
vn 0.633847 0.707032 0.313598
vn 0.633862 0.707035 0.313560
vn 0.643412 0.707084 0.293347
vn 0.643426 0.707086 0.293313
vn 0.649873 0.707084 0.278741
vn 0.649866 0.707084 0.278760
vn 0.659434 0.707002 0.255527
vn 0.659434 0.707004 0.255522
vn 0.671033 0.707005 0.223291
vn 0.671033 0.707004 0.223292
vn 0.681060 0.707004 0.190533
vn 0.689488 0.707004 0.157330
vn 0.681060 0.707005 0.190530
vn 0.689490 0.707002 0.157327
vn 0.696300 0.707002 0.123751
vn 0.701476 0.707002 0.089885
vn 0.696300 0.707002 0.123751
vn 0.701476 0.707002 0.089885
vn 0.705003 0.707005 0.055808
vn 0.705006 0.707002 0.055814
vn 0.706879 0.707005 0.021602
vn 0.706879 0.707005 0.021602
vn 0.707097 0.707004 -0.012656
vn 0.707096 0.707005 -0.012659
vn 0.705655 0.707003 -0.046880
vn 0.705654 0.707004 -0.046881
vn 0.702555 0.707004 -0.081004
vn 0.697808 0.707004 -0.114928
vn 0.702556 0.707004 -0.081002
vn 0.697810 0.707001 -0.114935
vn 0.691426 0.707001 -0.148590
vn 0.691426 0.707001 -0.148590
vn 0.683415 0.707004 -0.181904
vn 0.683419 0.707001 -0.181898
vn 0.707107 0.000000 -0.707107
vn 0.707107 0.000000 -0.707107
vn 0.577350 -0.577350 -0.577350
vn 0.577350 -0.577350 -0.577350
vn 0.577350 0.577350 -0.577350
vn 0.577350 0.577350 -0.577350
vn 0.000000 -0.707107 -0.707107
vn -0.000000 -0.707107 -0.707107
vn 0.000000 0.707107 -0.707107
vn 0.000000 0.707107 -0.707107
vn -0.577350 -0.577350 -0.577350
vn -0.577350 -0.577350 -0.577350
vn -0.577350 0.577350 -0.577350
vn -0.577350 0.577350 -0.577350
vn -0.707107 0.000000 -0.707107
vn -0.707107 0.000000 -0.707107
vn -0.000000 0.000000 -1.000000
vn -0.000000 -0.000000 -1.000000
vn -0.000000 -0.000000 -1.000000
vn 0.000000 -0.000000 -1.000000
vn 0.000000 -0.000000 -1.000000
vn 0.000000 -0.000000 -1.000000
vn -0.000000 0.000000 -1.000000
vn -0.000000 0.000000 -1.000000
vn -0.000000 0.000000 -1.000000
vn 0.000000 0.000000 -1.000000
vn 0.000000 0.000000 -1.000000
vn -0.000000 0.000000 -1.000000
vn 0.000000 -0.000000 -1.000000
vn 0.000000 0.000000 -1.000000
vn -0.024541 -0.000000 -0.999699
vn -0.073564 0.000000 -0.997290
vn -0.024541 0.000000 -0.999699
vn -0.122411 0.000000 -0.992479
vn -0.073564 0.000000 -0.997290
vn -0.170961 0.000000 -0.985278
vn -0.122411 0.000000 -0.992479
vn -0.219102 0.000000 -0.975702
vn -0.170961 0.000000 -0.985278
vn -0.266715 0.000000 -0.963776
vn -0.219102 0.000000 -0.975702
vn -0.313680 0.000000 -0.949529
vn -0.266715 0.000000 -0.963776
vn -0.359895 0.000000 -0.932993
vn -0.313680 0.000000 -0.949529
vn -0.359895 0.000000 -0.932993
vn -0.405241 0.000000 -0.914210
vn -0.449611 0.000000 -0.893224
vn -0.405241 0.000000 -0.914210
vn -0.449611 0.000000 -0.893224
vn -0.492897 0.000000 -0.870088
vn -0.492897 0.000000 -0.870088
vn -0.535002 0.000000 -0.844851
vn -0.575806 0.000000 -0.817587
vn -0.535002 0.000000 -0.844851
vn -0.615234 0.000000 -0.788345
vn -0.575806 0.000000 -0.817587
vn -0.615234 0.000000 -0.788345
vn -0.689540 0.000000 -0.724248
vn -0.653170 0.000000 -0.757211
vn -0.653170 0.000000 -0.757211
vn -0.724251 0.000000 -0.689537
vn -0.689540 0.000000 -0.724248
vn -0.757209 0.000000 -0.653173
vn -0.724251 0.000000 -0.689537
vn -0.788346 0.000000 -0.615232
vn -0.757209 0.000000 -0.653173
vn -0.788346 0.000000 -0.615232
vn -0.844859 0.000000 -0.534990
vn -0.817581 0.000000 -0.575813
vn -0.817581 0.000000 -0.575813
vn -0.844859 0.000000 -0.534990
vn -0.893224 0.000000 -0.449611
vn -0.870086 0.000000 -0.492901
vn -0.870086 0.000000 -0.492901
vn -0.893224 0.000000 -0.449611
vn -0.914208 0.000000 -0.405245
vn -0.914208 0.000000 -0.405245
vn -0.949529 0.000000 -0.313679
vn -0.932992 0.000000 -0.359896
vn -0.932992 0.000000 -0.359896
vn -0.949529 0.000000 -0.313679
vn -0.975701 0.000000 -0.219106
vn -0.963777 0.000000 -0.266710
vn -0.963777 0.000000 -0.266710
vn -0.985278 0.000000 -0.170959
vn -0.975701 0.000000 -0.219106
vn -0.985278 0.000000 -0.170959
vn -0.992480 0.000000 -0.122409
vn -0.992480 0.000000 -0.122409
vn -0.999699 0.000000 -0.024547
vn -0.997291 0.000000 -0.073562
vn -0.997291 0.000000 -0.073562
vn -0.999699 0.000000 -0.024547
vn -1.000000 0.000000 -0.000000
vn -1.000000 -0.000000 0.000000
vn -0.999711 0.000000 -0.024049
vn -0.999711 0.000000 -0.024049
vn -0.992777 0.000000 -0.119975
vn -0.997397 0.000000 -0.072101
vn -0.997397 0.000000 -0.072101
vn -0.992777 0.000000 -0.119975
vn -0.976660 0.000000 -0.214791
vn -0.985859 0.000000 -0.167578
vn -0.985859 0.000000 -0.167578
vn -0.976660 0.000000 -0.214791
vn -0.965202 0.000000 -0.261507
vn -0.965202 0.000000 -0.261507
vn -0.935616 0.000000 -0.353018
vn -0.951508 0.000000 -0.307624
vn -0.951508 0.000000 -0.307624
vn -0.917558 0.000000 -0.397602
vn -0.935616 0.000000 -0.353018
vn -0.897374 0.000000 -0.441272
vn -0.917558 0.000000 -0.397602
vn -0.897374 0.000000 -0.441272
vn -0.850836 0.000000 -0.525431
vn -0.875119 0.000000 -0.483907
vn -0.875119 0.000000 -0.483907
vn -0.824582 0.000000 -0.565743
vn -0.850836 0.000000 -0.525431
vn -0.824582 0.000000 -0.565743
vn -0.766425 0.000000 -0.642334
vn -0.796427 0.000000 -0.604734
vn -0.796427 0.000000 -0.604734
vn -0.766425 0.000000 -0.642334
vn 0.349051 0.000000 0.937104
vn 0.349051 -0.000000 0.937104
vn 0.394803 0.000000 0.918766
vn 0.394803 -0.000000 0.918766
vn 0.439593 0.000000 0.898197
vn 0.439593 -0.000000 0.898197
vn 0.483317 0.000000 0.875446
vn 0.483317 -0.000000 0.875446
vn 0.525864 0.000000 0.850569
vn 0.525864 -0.000000 0.850569
vn 0.567133 0.000000 0.823626
vn 0.567133 -0.000000 0.823626
vn 0.607029 0.000000 0.794680
vn 0.607029 -0.000000 0.794680
vn 0.645448 -0.000000 0.763804
vn 0.645448 0.000000 0.763804
vn 0.682298 0.000000 0.731074
vn 0.717490 -0.000000 0.696569
vn 0.682298 -0.000000 0.731074
vn 0.717490 -0.000000 0.696569
vn 0.750942 -0.000000 0.660368
vn 0.750942 0.000000 0.660368
vn 0.782568 -0.000000 0.622565
vn 0.782568 0.000000 0.622565
vn 0.840045 -0.000000 0.542517
vn 0.812292 -0.000000 0.583251
vn 0.812292 0.000000 0.583251
vn 0.865754 -0.000000 0.500471
vn 0.840045 -0.000000 0.542517
vn 0.865754 -0.000000 0.500471
vn 0.910811 -0.000000 0.412824
vn 0.889363 -0.000000 0.457202
vn 0.889363 0.000000 0.457202
vn 0.930045 -0.000000 0.367446
vn 0.910811 -0.000000 0.412824
vn 0.930045 -0.000000 0.367446
vn 0.947019 -0.000000 0.321176
vn 0.947019 0.000000 0.321176
vn 0.974033 -0.000000 0.226405
vn 0.961696 -0.000000 0.274120
vn 0.961696 0.000000 0.274120
vn 0.974033 -0.000000 0.226405
vn 0.984006 0.000000 0.178138
vn 0.991588 -0.000000 0.129431
vn 0.984006 -0.000000 0.178138
vn 0.991588 -0.000000 0.129431
vn 0.996761 0.000000 0.080420
vn 0.999513 -0.000000 0.031210
vn 0.996761 -0.000000 0.080420
vn 0.999513 -0.000000 0.031210
vn 0.999837 0.000000 -0.018082
vn 0.997731 0.000000 -0.067321
vn 0.999837 0.000000 -0.018082
vn 0.997731 0.000000 -0.067321
vn 0.993202 0.000000 -0.116400
vn 0.993202 0.000000 -0.116400
vn 0.976923 0.000000 -0.213591
vn 0.986261 0.000000 -0.165194
vn 0.986261 0.000000 -0.165194
vn 0.976923 0.000000 -0.213591
vn 0.951157 0.000000 -0.308706
vn 0.965212 0.000000 -0.261470
vn 0.965212 0.000000 -0.261470
vn 0.934789 0.000000 -0.355202
vn 0.951157 0.000000 -0.308706
vn 0.916154 0.000000 -0.400827
vn 0.934789 0.000000 -0.355202
vn 0.916154 0.000000 -0.400827
vn 0.895291 0.000000 -0.445481
vn 0.895291 0.000000 -0.445481
vn 0.872253 0.000000 -0.489055
vn 0.872253 0.000000 -0.489055
vn 0.847097 0.000000 -0.531439
vn 0.847097 0.000000 -0.531439
vn 0.819885 0.000000 -0.572529
vn 0.819885 0.000000 -0.572529
vn 0.790675 0.000000 -0.612236
vn 0.790675 0.000000 -0.612236
vn 0.726578 0.000000 -0.687084
vn 0.759549 0.000000 -0.650450
vn 0.759549 0.000000 -0.650450
vn 0.726578 0.000000 -0.687084
vn 0.655424 0.000000 -0.755261
vn 0.691842 0.000000 -0.722049
vn 0.691842 0.000000 -0.722049
vn 0.655424 0.000000 -0.755261
vn 0.577904 0.000000 -0.816105
vn 0.617413 0.000000 -0.786640
vn 0.617413 0.000000 -0.786640
vn 0.577904 0.000000 -0.816105
vn 0.536990 0.000000 -0.843589
vn 0.494773 0.000000 -0.869022
vn 0.536990 0.000000 -0.843589
vn 0.494773 0.000000 -0.869022
vn 0.451350 0.000000 -0.892347
vn 0.451350 0.000000 -0.892347
vn 0.406837 0.000000 -0.913501
vn 0.406837 0.000000 -0.913501
vn 0.361329 0.000000 -0.932438
vn 0.361329 0.000000 -0.932438
vn 0.314949 0.000000 -0.949109
vn 0.314949 0.000000 -0.949109
vn 0.220003 0.000000 -0.975499
vn 0.267800 0.000000 -0.963475
vn 0.267800 0.000000 -0.963475
vn 0.220003 0.000000 -0.975499
vn 0.122920 0.000000 -0.992417
vn 0.171670 0.000000 -0.985155
vn 0.171670 0.000000 -0.985155
vn 0.122920 0.000000 -0.992417
vn 0.073872 0.000000 -0.997268
vn 0.073872 0.000000 -0.997268
vn 0.024644 -0.000000 -0.999696
vn 0.024644 0.000000 -0.999696
vn 0.523702 0.000000 -0.851901
vn 0.523702 0.000000 -0.851901
vn 0.481225 0.000000 -0.876597
vn 0.481225 0.000000 -0.876597
vn 0.437591 0.000000 -0.899174
vn 0.437591 0.000000 -0.899174
vn 0.392897 0.000000 -0.919582
vn 0.392897 0.000000 -0.919582
vn 0.347255 0.000000 -0.937771
vn 0.347255 0.000000 -0.937771
vn 0.300777 0.000000 -0.953695
vn 0.300777 0.000000 -0.953695
vn 0.253571 0.000000 -0.967317
vn 0.253571 0.000000 -0.967317
vn 0.205758 0.000000 -0.978603
vn 0.205758 0.000000 -0.978603
vn 0.157438 0.000000 -0.987529
vn 0.108747 0.000000 -0.994069
vn 0.157438 0.000000 -0.987529
vn 0.108747 0.000000 -0.994069
vn 0.059787 0.000000 -0.998211
vn 0.010690 0.000000 -0.999943
vn 0.059787 0.000000 -0.998211
vn 0.010690 0.000000 -0.999943
vn -0.038440 0.000000 -0.999261
vn -0.038440 -0.000000 -0.999261
vn -0.087473 0.000000 -0.996167
vn -0.087473 -0.000000 -0.996167
vn -0.136296 0.000000 -0.990668
vn -0.136296 -0.000000 -0.990668
vn -0.184790 0.000000 -0.982778
vn -0.184790 -0.000000 -0.982778
vn -0.232837 0.000000 -0.972516
vn -0.232837 -0.000000 -0.972516
vn -0.280325 0.000000 -0.959905
vn -0.280325 -0.000000 -0.959905
vn -0.327133 -0.000000 -0.944978
vn -0.327133 0.000000 -0.944978
vn -0.373152 -0.000000 -0.927770
vn -0.373152 0.000000 -0.927770
vn -0.418271 0.000000 -0.908322
vn -0.462378 -0.000000 -0.886683
vn -0.418271 -0.000000 -0.908322
vn -0.462378 -0.000000 -0.886683
vn -0.505373 0.000000 -0.862901
vn -0.505373 -0.000000 -0.862901
vn -0.547145 -0.000000 -0.837038
vn -0.547145 0.000000 -0.837038
vn -0.626632 -0.000000 -0.779315
vn -0.587598 -0.000000 -0.809153
vn -0.587598 0.000000 -0.809153
vn -0.626632 -0.000000 -0.779315
vn -0.664153 -0.000000 -0.747597
vn -0.664153 0.000000 -0.747597
vn -0.700071 -0.000000 -0.714074
vn -0.700071 0.000000 -0.714074
vn -0.734298 -0.000000 -0.678827
vn -0.734298 0.000000 -0.678827
vn -0.297719 0.000000 0.954654
vn -0.297719 0.000000 0.954654
vn -0.252558 0.000000 0.967582
vn -0.206841 0.000000 0.978375
vn -0.252558 0.000000 0.967582
vn -0.160666 0.000000 0.987009
vn -0.206841 0.000000 0.978375
vn -0.160666 0.000000 0.987009
vn -0.114138 0.000000 0.993465
vn -0.067357 0.000000 0.997729
vn -0.114138 0.000000 0.993465
vn -0.067357 0.000000 0.997729
vn -0.020427 0.000000 0.999791
vn -0.020427 0.000000 0.999791
vn 0.026547 0.000000 0.999648
vn 0.026547 0.000000 0.999648
vn 0.073463 0.000000 0.997298
vn 0.073463 0.000000 0.997298
vn 0.120217 0.000000 0.992748
vn 0.120217 0.000000 0.992748
vn 0.166705 0.000000 0.986007
vn 0.166705 0.000000 0.986007
vn 0.212826 0.000000 0.977090
vn 0.212826 0.000000 0.977090
vn 0.258477 0.000000 0.966017
vn 0.303558 -0.000000 0.952813
vn 0.258477 0.000000 0.966017
vn 0.303558 0.000000 0.952813
vn 0.469034 -0.000000 -0.883180
vn 0.425014 0.000000 -0.905187
vn 0.469034 0.000000 -0.883180
vn 0.379964 0.000000 -0.925001
vn 0.425014 0.000000 -0.905187
vn 0.333995 0.000000 -0.942575
vn 0.379964 0.000000 -0.925001
vn 0.287216 0.000000 -0.957866
vn 0.333995 0.000000 -0.942575
vn 0.239741 0.000000 -0.970837
vn 0.287216 0.000000 -0.957866
vn 0.191686 0.000000 -0.981456
vn 0.239741 0.000000 -0.970837
vn 0.191686 0.000000 -0.981456
vn 0.143166 0.000000 -0.989699
vn 0.094300 0.000000 -0.995544
vn 0.143166 0.000000 -0.989699
vn 0.045206 0.000000 -0.998978
vn 0.094300 0.000000 -0.995544
vn -0.003999 0.000000 -0.999992
vn 0.045206 0.000000 -0.998978
vn -0.053193 0.000000 -0.998584
vn -0.003999 0.000000 -0.999992
vn -0.053193 0.000000 -0.998584
vn -0.102259 0.000000 -0.994758
vn -0.151076 0.000000 -0.988522
vn -0.102259 -0.000000 -0.994758
vn -0.151076 0.000000 -0.988522
vn -0.199529 -0.000000 -0.979892
vn -0.199529 0.000000 -0.979892
vn -0.247497 -0.000000 -0.968889
vn -0.247497 0.000000 -0.968889
vn -0.294867 0.000000 -0.955538
vn -0.294867 0.000000 -0.955538
vn -0.341522 0.000000 -0.939874
vn -0.341522 0.000000 -0.939874
vn -0.387349 -0.000000 -0.921933
vn -0.387349 0.000000 -0.921933
vn -0.432239 0.000000 -0.901759
vn -0.432239 0.000000 -0.901759
vn -0.217866 0.000000 0.975979
vn -0.169174 0.000000 0.985586
vn -0.217866 0.000000 0.975979
vn -0.120065 0.000000 0.992766
vn -0.169174 0.000000 0.985586
vn -0.070661 0.000000 0.997500
vn -0.120065 0.000000 0.992766
vn -0.070661 0.000000 0.997500
vn -0.021082 0.000000 0.999778
vn -0.021082 0.000000 0.999778
vn 0.078109 0.000000 0.996945
vn 0.028548 0.000000 0.999592
vn 0.028548 0.000000 0.999592
vn 0.078109 0.000000 0.996945
vn 0.176530 0.000000 0.984295
vn 0.127477 0.000000 0.991842
vn 0.127477 0.000000 0.991842
vn 0.176530 0.000000 0.984295
vn 0.225149 0.000000 0.974324
vn 0.225149 0.000000 0.974324
vn 0.320605 0.000000 0.947213
vn 0.273214 0.000000 0.961953
vn 0.273214 0.000000 0.961953
vn 0.320605 0.000000 0.947213
vn 0.412904 0.000000 0.910774
vn 0.367207 0.000000 0.930139
vn 0.367207 0.000000 0.930139
vn 0.457584 0.000000 0.889166
vn 0.412904 0.000000 0.910774
vn 0.457584 0.000000 0.889166
vn 0.956138 0.000000 -0.292917
vn 0.953120 0.000010 -0.302593
vn 0.937973 0.000005 -0.346707
vn 0.948196 -0.000002 -0.317686
vn 0.937493 0.000002 -0.348005
vn 0.920446 0.000008 -0.390870
vn 0.923412 -0.000002 -0.383811
vn 0.900390 0.000011 -0.435083
vn 0.907698 -0.000006 -0.419623
vn 0.877860 0.000011 -0.478917
vn 0.890356 -0.000008 -0.455265
vn 0.854028 0.000006 -0.520228
vn 0.871304 -0.000005 -0.490743
vn 0.830568 0.000003 -0.556917
vn 0.850578 -0.000003 -0.525848
vn 0.806582 0.000003 -0.591122
vn 0.828125 -0.000003 -0.560544
vn 0.780921 0.000003 -0.624629
vn 0.803970 -0.000003 -0.594669
vn 0.753518 0.000003 -0.657428
vn 0.778084 -0.000003 -0.628160
vn 0.724502 0.000003 -0.689272
vn 0.750550 -0.000003 -0.660814
vn 0.693825 0.000003 -0.720143
vn 0.721325 -0.000003 -0.692596
vn 0.661617 0.000004 -0.749842
vn 0.690495 -0.000003 -0.723337
vn 0.658108 -0.000004 -0.752924
vn 0.627850 0.000004 -0.778334
vn 0.592675 0.000004 -0.805442
vn 0.624216 -0.000004 -0.781252
vn 0.588875 -0.000004 -0.808224
vn 0.556149 0.000004 -0.831083
vn 0.518376 0.000004 -0.855153
vn 0.552210 -0.000004 -0.833705
vn 0.514283 -0.000004 -0.857620
vn 0.479382 0.000004 -0.877607
vn 0.439390 0.000004 -0.898297
vn 0.475222 -0.000004 -0.879866
vn 0.435102 -0.000004 -0.900381
vn 0.398443 0.000004 -0.917193
vn 0.356668 0.000004 -0.934231
vn 0.394062 -0.000004 -0.919084
vn 0.352211 -0.000004 -0.935921
vn 0.314240 0.000004 -0.949344
vn 0.271234 0.000004 -0.962513
vn 0.309712 -0.000004 -0.950830
vn 0.266677 -0.000004 -0.963786
vn 0.227815 0.000004 -0.973704
vn 0.223214 -0.000004 -0.974769
vn 0.184127 0.000004 -0.982903
vn 0.179483 -0.000004 -0.983761
vn 0.140276 0.000004 -0.990112
vn 0.096407 0.000004 -0.995342
vn 0.135637 -0.000004 -0.990759
vn 0.091767 -0.000004 -0.995780
vn 0.052665 0.000003 -0.998612
vn 0.009136 0.000003 -0.999958
vn 0.048053 -0.000003 -0.998845
vn 0.004565 -0.000003 -0.999990
vn -0.034011 0.000003 -0.999421
vn -0.038549 -0.000003 -0.999257
vn -0.076690 0.000003 -0.997055
vn -0.081178 -0.000003 -0.996700
vn -0.118788 0.000003 -0.992920
vn -0.160197 0.000003 -0.987085
vn -0.123193 -0.000003 -0.992383
vn -0.164543 -0.000003 -0.986370
vn -0.200842 0.000003 -0.979624
vn -0.240630 0.000005 -0.970617
vn -0.207301 -0.000006 -0.978277
vn -0.253683 -0.000011 -0.967288
vn -0.279494 0.000008 -0.960147
vn -0.317346 0.000006 -0.948310
vn -0.301106 -0.000011 -0.953591
vn -0.346959 -0.000008 -0.937880
vn -0.354154 0.000002 -0.935187
vn -0.389899 -0.000002 -0.920858
vn -0.391178 -0.000005 -0.920315
vn -0.419285 0.000002 -0.907855
vn -0.433623 -0.000010 -0.901094
vn -0.442741 0.000000 -0.896650
vn 0.919031 -0.000000 0.394186
vn 0.896300 0.000004 0.443448
vn 0.909915 -0.000003 0.414795
vn 0.913531 -0.000016 0.406768
vn 0.877447 0.000008 0.479674
vn 0.893131 -0.000009 0.449796
vn 0.857037 0.000008 0.515254
vn 0.872873 -0.000008 0.487948
vn 0.835079 0.000008 0.550130
vn 0.852110 -0.000008 0.523363
vn 0.811640 0.000008 0.584158
vn 0.829800 -0.000008 0.558060
vn 0.786722 0.000008 0.617307
vn 0.806026 -0.000008 0.591880
vn 0.760475 0.000008 0.649367
vn 0.780806 -0.000008 0.624774
vn 0.732869 0.000008 0.680370
vn 0.754228 -0.000008 0.656613
vn 0.704019 0.000008 0.710181
vn 0.726316 -0.000008 0.687361
vn 0.673971 0.000008 0.738758
vn 0.697196 -0.000008 0.716880
vn 0.642875 0.000008 0.765971
vn 0.666911 -0.000008 0.745138
vn 0.610728 0.000008 0.791841
vn 0.635541 -0.000008 0.772067
vn 0.577707 0.000008 0.816244
vn 0.603189 -0.000008 0.797598
vn 0.541933 0.000009 0.840422
vn 0.569985 -0.000008 0.821655
vn 0.535915 -0.000004 0.844272
vn 0.501296 0.000016 0.865276
vn 0.508936 0.000003 0.860804
vn 0.489357 -0.000000 0.872084
vn 0.932443 0.000000 0.361316
vn 0.948847 0.000000 0.315738
vn 0.932443 0.000000 0.361316
vn 0.963025 0.000000 0.269411
vn 0.948847 0.000000 0.315738
vn 0.974942 0.000000 0.222461
vn 0.963025 0.000000 0.269411
vn 0.984571 0.000000 0.174985
vn 0.974942 0.000000 0.222461
vn 0.991890 0.000000 0.127098
vn 0.984571 0.000000 0.174985
vn 0.996881 0.000000 0.078921
vn 0.991890 0.000000 0.127098
vn 0.999533 0.000000 0.030546
vn 0.996881 0.000000 0.078921
vn 0.999840 0.000000 -0.017899
vn 0.999533 0.000000 0.030546
vn 0.997800 0.000000 -0.066290
vn 0.999840 0.000000 -0.017899
vn 0.997800 0.000000 -0.066290
vn 0.986705 0.000000 -0.162519
vn 0.993419 0.000000 -0.114538
vn 0.993419 0.000000 -0.114538
vn 0.977679 0.000000 -0.210106
vn 0.986705 0.000000 -0.162519
vn 0.966357 0.000000 -0.257205
vn 0.977679 0.000000 -0.210106
vn 0.966357 0.000000 -0.257205
vn -1.000000 0.000000 0.000000
vn -1.000000 0.000000 0.000000
vn -1.000000 -0.000000 0.000000
vn -1.000000 0.000000 0.000000
vn -1.000000 0.000000 0.000000
vn -1.000000 0.000000 0.000000
vn -1.000000 0.000000 0.000000
vn -1.000000 0.000000 0.000000
vn -1.000000 0.000000 0.000000
vn -1.000000 0.000000 0.000000
vn -1.000000 0.000000 0.000000
vn -1.000000 -0.000000 0.000000
vn 0.000000 0.000000 1.000000
vn 0.000000 0.000000 1.000000
vn 0.000000 0.000000 1.000000
vn 0.000000 0.000000 1.000000
vn 0.000000 0.000000 1.000000
vn 0.000000 0.000000 1.000000
vn 0.000000 0.000000 1.000000
vn 0.000000 0.000000 1.000000
vn 0.000000 0.000000 1.000000
vn -0.000000 0.000000 1.000000
vn 0.000000 0.000000 1.000000
vn 0.000000 0.000000 1.000000
vn 0.000000 -0.707107 0.707107
vn 0.000000 -0.707107 0.707107
vn 0.000000 0.707107 0.707107
vn 0.000000 0.707107 0.707107
vn -0.000000 -1.000000 -0.000000
vn 0.000000 -1.000000 0.000000
vn 0.000000 1.000000 -0.000000
vn 0.000000 1.000000 0.000000
vn 0.000000 -0.707107 -0.707107
vn 0.000000 -0.707107 -0.707107
vn 0.000000 0.707107 -0.707107
vn 0.000000 0.707107 -0.707107
vn 0.000000 0.000000 -1.000000
vn 0.000000 0.000000 -1.000000
vn 0.000000 0.000000 -1.000000
vn 0.000000 0.000000 -1.000000
vn 0.000000 0.000000 -1.000000
vn 0.000000 0.000000 -1.000000
vn 0.000000 0.000000 -1.000000
vn 0.000000 0.000000 -1.000000
vn 0.000000 0.000000 -1.000000
vn 0.000000 0.000000 -1.000000
vn 0.000000 0.000000 -1.000000
vn 0.000000 0.000000 -1.000000
vn -0.000000 -0.707107 -0.707107
vn -0.000000 -0.707107 -0.707107
vn -0.577350 -0.577350 -0.577350
vn -0.577350 -0.577350 -0.577350
vn 0.577350 -0.577350 -0.577350
vn 0.577350 -0.577350 -0.577350
vn -0.707107 0.000000 -0.707107
vn -0.707107 0.000000 -0.707107
vn 0.707107 0.000000 -0.707107
vn 0.707107 0.000000 -0.707107
vn -0.577350 0.577350 -0.577350
vn -0.577350 0.577350 -0.577350
vn 0.577350 0.577350 -0.577350
vn 0.577350 0.577350 -0.577350
vn 0.000000 0.707107 -0.707107
vn 0.000000 0.707107 -0.707107
vn -0.707107 -0.499999 0.500000
vn -0.707107 -0.500000 0.500000
vn -0.707107 0.000000 0.707107
vn -0.707107 0.000000 0.707107
vn -0.707107 -0.707107 0.000000
vn -0.707107 -0.707107 0.000000
vn -0.707107 0.499999 0.500001
vn -0.707107 0.500000 0.500000
vn -0.707107 -0.500000 -0.500000
vn -0.707106 -0.499999 -0.500001
vn -0.707107 0.707107 0.000000
vn -0.707107 0.707107 0.000000
vn -0.707107 -0.000000 -0.707107
vn -0.707107 -0.000000 -0.707107
vn -0.707107 0.499998 -0.500001
vn -0.707107 0.500000 -0.500000
vn 0.000000 -0.707107 0.707107
vn 0.000000 -0.707107 0.707107
vn 0.577350 -0.577350 0.577350
vn 0.577350 -0.577350 0.577350
vn -0.577350 -0.577350 0.577350
vn -0.577350 -0.577350 0.577350
vn 0.707107 0.000000 0.707107
vn 0.707107 0.000000 0.707107
vn -0.707107 0.000000 0.707107
vn -0.707107 0.000000 0.707107
vn 0.577350 0.577350 0.577350
vn 0.577350 0.577350 0.577350
vn -0.577350 0.577350 0.577350
vn -0.577350 0.577350 0.577350
vn -0.000000 0.707107 0.707107
vn -0.000000 0.707107 0.707107
vn 0.000000 -1.000000 0.000000
vn 0.000000 -1.000000 0.000000
vn -0.707107 -0.707107 0.000000
vn -0.707107 -0.707107 -0.000000
vn 0.707107 -0.707107 0.000000
vn 0.707107 -0.707107 0.000000
vn -1.000000 0.000000 0.000000
vn -1.000000 0.000000 0.000000
vn 1.000000 0.000000 0.000000
vn 1.000000 0.000000 0.000000
vn -0.707107 0.707107 0.000000
vn -0.707107 0.707107 0.000000
vn 0.707107 0.707107 -0.000000
vn 0.707107 0.707107 -0.000000
vn 0.000000 1.000000 0.000000
vn 0.000000 1.000000 -0.000000
f 1//1 2//1 3//1
f 4//2 1//2 3//2
f 5//3 2//3 6//3
f 5//4 6//4 7//4
f 5//5 3//5 2//5
f 8//6 5//6 7//6
f 9//7 10//7 4//7
f 9//8 4//8 3//8
f 11//9 8//9 12//9
f 11//10 12//10 10//10
f 11//11 10//11 9//11
f 11//12 5//12 8//12
f 13//13 14//13 3//13
f 3//14 15//14 9//14
f 9//15 15//15 16//15
f 14//16 15//16 3//16
f 16//17 17//17 9//17
f 9//18 18//18 11//18
f 11//19 18//19 19//19
f 17//20 18//20 9//20
f 5//21 20//21 21//21
f 22//22 5//22 21//22
f 3//23 22//23 13//23
f 3//24 5//24 22//24
f 19//25 23//25 11//25
f 23//26 5//26 11//26
f 5//27 24//27 20//27
f 23//28 24//28 5//28
f 2//29 25//29 6//29
f 26//30 25//30 2//30
f 6//31 27//31 7//31
f 25//32 27//32 6//32
f 1//33 26//33 2//33
f 28//34 26//34 1//34
f 7//35 29//35 8//35
f 27//36 29//36 7//36
f 4//37 28//37 1//37
f 30//38 28//38 4//38
f 29//39 31//39 12//39
f 29//40 12//40 8//40
f 10//41 30//41 4//41
f 32//42 30//42 10//42
f 31//43 32//43 10//43
f 31//44 10//44 12//44
f 33//45 34//45 35//45
f 35//46 17//46 15//46
f 15//47 17//47 16//47
f 34//48 17//48 35//48
f 36//49 37//49 38//49
f 38//50 14//50 22//50
f 22//51 14//51 13//51
f 37//52 14//52 38//52
f 39//53 14//53 37//53
f 40//54 14//54 39//54
f 41//55 14//55 40//55
f 42//56 14//56 41//56
f 43//57 44//57 45//57
f 46//58 44//58 43//58
f 47//59 48//59 49//59
f 50//60 46//60 48//60
f 50//61 48//61 47//61
f 51//62 44//62 46//62
f 51//63 46//63 50//63
f 52//64 51//64 53//64
f 52//65 44//65 51//65
f 54//66 44//66 52//66
f 55//67 44//67 54//67
f 56//68 44//68 55//68
f 57//69 44//69 56//69
f 58//70 44//70 57//70
f 59//71 60//71 61//71
f 62//72 60//72 59//72
f 62//73 63//73 60//73
f 64//74 59//74 61//74
f 64//75 61//75 65//75
f 66//76 63//76 62//76
f 66//77 67//77 63//77
f 68//78 64//78 65//78
f 68//79 65//79 69//79
f 70//80 67//80 66//80
f 70//81 71//81 67//81
f 72//82 68//82 69//82
f 72//83 69//83 73//83
f 74//84 71//84 70//84
f 74//85 75//85 71//85
f 76//86 72//86 73//86
f 76//87 73//87 77//87
f 78//88 75//88 74//88
f 78//89 79//89 75//89
f 80//90 76//90 77//90
f 80//91 77//91 81//91
f 82//92 79//92 78//92
f 82//93 83//93 79//93
f 84//94 80//94 81//94
f 84//95 81//95 85//95
f 86//96 87//96 83//96
f 86//97 83//97 82//97
f 88//98 84//98 85//98
f 88//99 85//99 89//99
f 90//100 91//100 87//100
f 90//101 87//101 86//101
f 92//102 88//102 89//102
f 92//103 89//103 93//103
f 94//104 95//104 91//104
f 94//105 91//105 90//105
f 96//106 93//106 97//106
f 96//107 92//107 93//107
f 98//108 99//108 95//108
f 98//109 95//109 94//109
f 100//110 97//110 101//110
f 100//111 96//111 97//111
f 102//112 99//112 98//112
f 102//113 103//113 99//113
f 104//114 101//114 105//114
f 104//115 100//115 101//115
f 106//116 103//116 102//116
f 106//117 42//117 103//117
f 107//118 105//118 108//118
f 107//119 104//119 105//119
f 109//120 42//120 106//120
f 109//121 14//121 42//121
f 110//122 108//122 111//122
f 110//123 107//123 108//123
f 112//124 14//124 109//124
f 113//125 110//125 111//125
f 113//126 111//126 114//126
f 115//127 44//127 58//127
f 116//128 113//128 114//128
f 117//129 114//129 118//129
f 117//130 116//130 114//130
f 119//131 118//131 120//131
f 119//132 117//132 118//132
f 121//133 119//133 120//133
f 122//134 121//134 120//134
f 123//135 122//135 120//135
f 124//136 123//136 120//136
f 125//137 44//137 115//137
f 126//138 124//138 120//138
f 127//139 126//139 120//139
f 128//140 127//140 120//140
f 129//141 128//141 120//141
f 130//142 129//142 120//142
f 131//143 130//143 120//143
f 132//144 44//144 125//144
f 133//145 120//145 44//145
f 133//146 131//146 120//146
f 134//147 133//147 44//147
f 135//148 44//148 132//148
f 136//149 44//149 135//149
f 137//150 44//150 136//150
f 138//151 44//151 137//151
f 139//152 44//152 138//152
f 140//153 44//153 139//153
f 141//154 44//154 140//154
f 142//155 44//155 141//155
f 143//156 44//156 142//156
f 144//157 44//157 143//157
f 145//158 44//158 144//158
f 146//159 44//159 145//159
f 147//160 44//160 146//160
f 148//161 44//161 147//161
f 149//162 44//162 148//162
f 150//163 44//163 149//163
f 151//164 44//164 150//164
f 152//165 44//165 151//165
f 153//166 44//166 152//166
f 154//167 44//167 153//167
f 155//168 44//168 154//168
f 156//169 44//169 155//169
f 157//170 44//170 156//170
f 158//171 44//171 157//171
f 159//172 44//172 158//172
f 160//173 161//173 162//173
f 160//174 162//174 134//174
f 160//175 134//175 44//175
f 160//176 44//176 159//176
f 163//177 164//177 165//177
f 163//178 165//178 166//178
f 163//179 166//179 167//179
f 163//180 167//180 168//180
f 163//181 168//181 169//181
f 163//182 169//182 161//182
f 163//183 161//183 160//183
f 170//184 171//184 172//184
f 170//185 172//185 173//185
f 170//186 173//186 174//186
f 170//187 174//187 175//187
f 170//188 175//188 164//188
f 170//189 164//189 163//189
f 176//190 177//190 178//190
f 176//191 178//191 179//191
f 176//192 179//192 171//192
f 176//193 171//193 170//193
f 180//194 177//194 176//194
f 180//195 181//195 182//195
f 180//196 182//196 183//196
f 180//197 183//197 177//197
f 184//198 185//198 186//198
f 184//199 186//199 187//199
f 184//200 187//200 188//200
f 184//201 188//201 181//201
f 184//202 181//202 180//202
f 189//203 190//203 191//203
f 189//204 191//204 192//204
f 189//205 192//205 185//205
f 189//206 185//206 184//206
f 193//207 194//207 190//207
f 193//208 190//208 189//208
f 195//209 196//209 197//209
f 195//210 197//210 194//210
f 195//211 194//211 193//211
f 198//212 199//212 196//212
f 198//213 196//213 195//213
f 200//214 201//214 199//214
f 200//215 199//215 198//215
f 202//216 203//216 201//216
f 202//217 201//217 200//217
f 204//218 205//218 206//218
f 204//219 206//219 203//219
f 204//220 203//220 202//220
f 207//221 208//221 205//221
f 207//222 205//222 204//222
f 209//223 208//223 207//223
f 209//224 210//224 208//224
f 211//225 210//225 209//225
f 211//226 212//226 210//226
f 213//227 212//227 211//227
f 213//228 214//228 215//228
f 213//229 215//229 212//229
f 216//230 214//230 213//230
f 216//231 217//231 214//231
f 218//232 219//232 220//232
f 221//233 218//233 220//233
f 222//234 221//234 220//234
f 223//235 224//235 225//235
f 226//236 225//236 227//236
f 226//237 223//237 225//237
f 228//238 227//238 229//238
f 228//239 226//239 227//239
f 230//240 231//240 232//240
f 233//241 232//241 234//241
f 233//242 234//242 235//242
f 233//243 235//243 228//243
f 233//244 229//244 222//244
f 233//245 222//245 220//245
f 233//246 228//246 229//246
f 233//247 230//247 232//247
f 236//248 217//248 216//248
f 237//249 233//249 220//249
f 238//250 217//250 236//250
f 238//251 220//251 217//251
f 238//252 237//252 220//252
f 239//253 238//253 236//253
f 240//254 239//254 236//254
f 241//255 240//255 236//255
f 242//256 241//256 236//256
f 243//257 241//257 242//257
f 244//258 243//258 242//258
f 245//259 244//259 242//259
f 246//260 245//260 242//260
f 247//261 246//261 242//261
f 248//262 247//262 242//262
f 249//263 242//263 250//263
f 249//264 248//264 242//264
f 251//265 250//265 252//265
f 251//266 252//266 253//266
f 254//267 250//267 251//267
f 255//268 250//268 254//268
f 256//269 249//269 250//269
f 257//270 258//270 259//270
f 257//271 259//271 260//271
f 261//272 258//272 257//272
f 261//273 262//273 258//273
f 263//274 262//274 261//274
f 263//275 255//275 262//275
f 264//276 250//276 255//276
f 264//277 255//277 263//277
f 265//278 250//278 264//278
f 266//279 250//279 265//279
f 266//280 256//280 250//280
f 266//281 265//281 267//281
f 266//282 267//282 268//282
f 269//283 270//283 271//283
f 269//284 271//284 272//284
f 273//285 274//285 275//285
f 273//286 275//286 276//286
f 277//287 270//287 269//287
f 277//288 278//288 270//288
f 279//289 276//289 280//289
f 279//290 280//290 281//290
f 279//291 273//291 276//291
f 282//292 278//292 277//292
f 282//293 283//293 278//293
f 284//294 281//294 285//294
f 284//295 279//295 281//295
f 286//296 283//296 282//296
f 286//297 287//297 283//297
f 288//298 285//298 289//298
f 288//299 284//299 285//299
f 290//300 287//300 286//300
f 291//301 289//301 266//301
f 291//302 266//302 268//302
f 291//303 288//303 289//303
f 292//304 291//304 268//304
f 292//305 287//305 290//305
f 292//306 268//306 287//306
f 293//307 35//307 15//307
f 15//308 14//308 293//308
f 293//309 14//309 294//309
f 294//310 14//310 112//310
f 34//311 295//311 17//311
f 17//312 295//312 296//312
f 297//313 18//313 296//313
f 296//314 18//314 17//314
f 298//315 299//315 297//315
f 297//316 299//316 18//316
f 34//317 299//317 295//317
f 295//318 299//318 298//318
f 299//319 300//319 301//319
f 23//320 299//320 301//320
f 18//321 23//321 19//321
f 18//322 299//322 23//322
f 302//323 303//323 304//323
f 21//324 302//324 304//324
f 24//325 21//325 20//325
f 24//326 302//326 21//326
f 305//327 306//327 21//327
f 305//328 304//328 307//328
f 21//329 304//329 305//329
f 304//330 308//330 307//330
f 309//331 22//331 306//331
f 306//332 22//332 21//332
f 309//333 310//333 22//333
f 310//334 311//334 22//334
f 312//335 38//335 311//335
f 311//336 38//336 22//336
f 304//337 38//337 312//337
f 304//338 312//338 308//338
f 313//339 314//339 315//339
f 313//340 315//340 316//340
f 313//341 316//341 317//341
f 318//342 313//342 319//342
f 318//343 319//343 320//343
f 318//344 314//344 313//344
f 321//345 318//345 322//345
f 321//346 322//346 323//346
f 324//347 321//347 325//347
f 324//348 318//348 321//348
f 324//349 314//349 318//349
f 326//350 327//350 328//350
f 326//351 328//351 329//351
f 326//352 329//352 330//352
f 326//353 330//353 331//353
f 326//354 331//354 332//354
f 326//355 332//355 333//355
f 326//356 333//356 334//356
f 326//357 334//357 335//357
f 326//358 335//358 336//358
f 326//359 336//359 314//359
f 326//360 324//360 337//360
f 326//361 337//361 338//361
f 326//362 314//362 324//362
f 339//363 327//363 326//363
f 340//364 339//364 326//364
f 341//365 340//365 326//365
f 342//366 341//366 326//366
f 343//367 342//367 326//367
f 344//368 343//368 326//368
f 345//369 344//369 326//369
f 346//370 345//370 326//370
f 347//371 346//371 326//371
f 348//372 347//372 326//372
f 349//373 348//373 326//373
f 350//374 349//374 326//374
f 351//375 350//375 326//375
f 352//376 351//376 326//376
f 353//377 352//377 326//377
f 354//378 353//378 326//378
f 355//379 354//379 326//379
f 356//380 355//380 326//380
f 357//381 356//381 326//381
f 358//382 302//382 24//382
f 359//383 358//383 24//383
f 360//384 359//384 24//384
f 361//385 360//385 24//385
f 362//386 363//386 357//386
f 362//387 364//387 363//387
f 365//388 363//388 364//388
f 366//389 362//389 357//389
f 367//390 363//390 365//390
f 368//391 357//391 326//391
f 368//392 366//392 357//392
f 369//393 363//393 367//393
f 370//394 368//394 326//394
f 370//395 326//395 371//395
f 372//396 363//396 369//396
f 373//397 370//397 371//397
f 374//398 375//398 363//398
f 374//399 363//399 372//399
f 376//400 373//400 371//400
f 377//401 375//401 374//401
f 378//402 376//402 371//402
f 379//403 375//403 377//403
f 380//404 378//404 371//404
f 381//405 375//405 379//405
f 382//406 380//406 371//406
f 383//407 375//407 381//407
f 384//408 382//408 371//408
f 385//409 384//409 371//409
f 386//410 385//410 371//410
f 387//411 386//411 371//411
f 388//412 387//412 371//412
f 389//413 390//413 375//413
f 389//414 375//414 383//414
f 391//415 371//415 392//415
f 391//416 388//416 371//416
f 393//417 392//417 394//417
f 393//418 391//418 392//418
f 395//419 393//419 394//419
f 396//420 394//420 397//420
f 396//421 395//421 394//421
f 398//422 397//422 399//422
f 398//423 396//423 397//423
f 400//424 390//424 389//424
f 401//425 399//425 402//425
f 401//426 398//426 399//426
f 403//427 402//427 404//427
f 403//428 401//428 402//428
f 405//429 404//429 406//429
f 405//430 403//430 404//430
f 407//431 406//431 408//431
f 407//432 405//432 406//432
f 409//433 390//433 400//433
f 410//434 408//434 411//434
f 410//435 407//435 408//435
f 412//436 410//436 411//436
f 412//437 411//437 413//437
f 414//438 413//438 415//438
f 414//439 412//439 413//439
f 416//440 414//440 415//440
f 416//441 415//441 417//441
f 418//442 419//442 390//442
f 418//443 390//443 409//443
f 420//444 417//444 421//444
f 420//445 416//445 417//445
f 422//446 421//446 423//446
f 422//447 420//447 421//447
f 424//448 423//448 425//448
f 424//449 422//449 423//449
f 426//450 424//450 425//450
f 426//451 425//451 427//451
f 428//452 419//452 418//452
f 429//453 427//453 430//453
f 429//454 426//454 427//454
f 431//455 429//455 430//455
f 431//456 430//456 432//456
f 433//457 431//457 432//457
f 433//458 432//458 434//458
f 435//459 433//459 434//459
f 435//460 434//460 436//460
f 437//461 435//461 436//461
f 437//462 436//462 438//462
f 439//463 419//463 428//463
f 440//464 437//464 438//464
f 440//465 438//465 441//465
f 442//466 440//466 441//466
f 442//467 441//467 443//467
f 444//468 442//468 443//468
f 444//469 443//469 445//469
f 446//470 444//470 445//470
f 446//471 445//471 447//471
f 448//472 446//472 447//472
f 448//473 447//473 449//473
f 450//474 451//474 419//474
f 450//475 419//475 439//475
f 452//476 448//476 449//476
f 452//477 449//477 453//477
f 454//478 452//478 453//478
f 454//479 453//479 455//479
f 456//480 454//480 455//480
f 456//481 455//481 361//481
f 457//482 456//482 361//482
f 457//483 361//483 24//483
f 458//484 457//484 24//484
f 459//485 451//485 450//485
f 460//486 451//486 459//486
f 461//487 451//487 460//487
f 462//488 463//488 451//488
f 462//489 451//489 461//489
f 464//490 463//490 462//490
f 465//491 463//491 464//491
f 466//492 467//492 463//492
f 466//493 463//493 465//493
f 468//494 467//494 466//494
f 468//495 469//495 467//495
f 470//496 469//496 468//496
f 471//497 469//497 470//497
f 471//498 472//498 469//498
f 473//499 472//499 471//499
f 473//500 474//500 472//500
f 475//501 476//501 474//501
f 475//502 474//502 473//502
f 477//503 476//503 475//503
f 477//504 478//504 476//504
f 479//505 478//505 477//505
f 480//506 478//506 479//506
f 480//507 481//507 478//507
f 482//508 483//508 484//508
f 482//509 484//509 485//509
f 486//510 482//510 485//510
f 486//511 485//511 487//511
f 486//512 487//512 488//512
f 489//513 486//513 488//513
f 489//514 488//514 490//514
f 491//515 489//515 490//515
f 491//516 490//516 492//516
f 493//517 491//517 492//517
f 493//518 492//518 494//518
f 495//519 496//519 497//519
f 498//520 495//520 497//520
f 498//521 497//521 499//521
f 500//522 498//522 499//522
f 500//523 499//523 501//523
f 502//524 500//524 501//524
f 502//525 501//525 503//525
f 504//526 502//526 503//526
f 504//527 503//527 505//527
f 504//528 505//528 506//528
f 507//529 493//529 494//529
f 507//530 504//530 506//530
f 507//531 506//531 493//531
f 508//532 481//532 480//532
f 508//533 509//533 481//533
f 510//534 507//534 494//534
f 511//535 510//535 494//535
f 512//536 513//536 514//536
f 515//537 514//537 516//537
f 515//538 512//538 514//538
f 517//539 516//539 518//539
f 517//540 515//540 516//540
f 519//541 517//541 518//541
f 519//542 518//542 520//542
f 521//543 522//543 523//543
f 524//544 523//544 525//544
f 524//545 525//545 519//545
f 524//546 520//546 511//546
f 524//547 511//547 494//547
f 524//548 519//548 520//548
f 524//549 521//549 523//549
f 526//550 509//550 508//550
f 526//551 527//551 509//551
f 528//552 524//552 494//552
f 529//553 528//553 494//553
f 529//554 494//554 530//554
f 531//555 529//555 530//555
f 532//556 527//556 526//556
f 532//557 533//557 527//557
f 534//558 531//558 530//558
f 535//559 534//559 530//559
f 536//560 535//560 530//560
f 537//561 533//561 532//561
f 538//562 536//562 530//562
f 539//563 538//563 530//563
f 540//564 533//564 537//564
f 540//565 541//565 533//565
f 542//566 539//566 530//566
f 542//567 530//567 543//567
f 544//568 542//568 543//568
f 545//569 544//569 543//569
f 546//570 541//570 540//570
f 546//571 543//571 541//571
f 547//572 545//572 543//572
f 547//573 543//573 546//573
f 548//574 549//574 550//574
f 551//575 548//575 550//575
f 552//576 550//576 553//576
f 552//577 553//577 547//577
f 552//578 547//578 546//578
f 554//579 550//579 552//579
f 554//580 551//580 550//580
f 555//581 554//581 552//581
f 556//582 552//582 557//582
f 556//583 557//583 558//583
f 559//584 552//584 556//584
f 560//585 552//585 559//585
f 561//586 562//586 563//586
f 564//587 565//587 555//587
f 564//588 555//588 552//588
f 564//589 552//589 560//589
f 566//590 563//590 565//590
f 566//591 561//591 563//591
f 566//592 565//592 564//592
f 24//593 23//593 567//593
f 24//594 567//594 568//594
f 24//595 568//595 458//595
f 301//596 567//596 23//596
f 26//597 569//597 25//597
f 570//598 569//598 26//598
f 25//599 571//599 27//599
f 25//600 569//600 571//600
f 572//601 26//601 28//601
f 570//602 26//602 572//602
f 571//603 573//603 29//603
f 571//604 29//604 27//604
f 574//605 572//605 28//605
f 574//606 28//606 30//606
f 31//607 573//607 575//607
f 29//608 573//608 31//608
f 32//609 574//609 30//609
f 32//610 576//610 574//610
f 31//611 576//611 32//611
f 575//612 576//612 31//612
f 577//613 35//613 293//613
f 35//614 578//614 33//614
f 577//615 578//615 35//615
f 33//616 578//616 34//616
f 34//617 579//617 299//617
f 299//618 579//618 300//618
f 578//619 579//619 34//619
f 303//620 580//620 304//620
f 304//621 581//621 38//621
f 38//622 581//622 36//622
f 580//623 581//623 304//623
f 36//624 581//624 37//624
f 37//625 582//625 39//625
f 581//626 582//626 37//626
f 39//627 583//627 40//627
f 40//628 583//628 41//628
f 41//629 583//629 42//629
f 42//630 584//630 103//630
f 103//631 584//631 99//631
f 583//632 584//632 42//632
f 582//633 585//633 39//633
f 586//634 585//634 582//634
f 587//635 585//635 586//635
f 588//636 585//636 587//636
f 39//637 585//637 583//637
f 99//638 589//638 95//638
f 95//639 589//639 91//639
f 584//640 589//640 99//640
f 590//641 591//641 588//641
f 592//642 591//642 590//642
f 583//643 591//643 584//643
f 588//644 591//644 585//644
f 585//645 591//645 583//645
f 91//646 593//646 87//646
f 87//647 593//647 83//647
f 589//648 593//648 91//648
f 584//649 594//649 589//649
f 595//650 594//650 592//650
f 596//651 594//651 595//651
f 591//652 594//652 584//652
f 592//653 594//653 591//653
f 83//654 597//654 79//654
f 79//655 597//655 75//655
f 593//656 597//656 83//656
f 596//657 598//657 594//657
f 589//658 598//658 593//658
f 599//659 598//659 596//659
f 600//660 598//660 599//660
f 594//661 598//661 589//661
f 75//662 601//662 71//662
f 71//663 601//663 67//663
f 597//664 601//664 75//664
f 593//665 602//665 597//665
f 600//666 602//666 598//666
f 598//667 602//667 593//667
f 603//668 602//668 600//668
f 604//669 602//669 603//669
f 67//670 605//670 63//670
f 63//671 605//671 60//671
f 601//672 605//672 67//672
f 604//673 606//673 602//673
f 607//674 606//674 604//674
f 608//675 606//675 607//675
f 602//676 606//676 597//676
f 597//677 606//677 601//677
f 60//678 609//678 61//678
f 61//679 609//679 65//679
f 605//680 609//680 60//680
f 606//681 610//681 601//681
f 608//682 610//682 606//682
f 611//683 610//683 608//683
f 612//684 610//684 611//684
f 601//685 610//685 605//685
f 65//686 613//686 69//686
f 69//687 613//687 73//687
f 609//688 613//688 65//688
f 612//689 614//689 610//689
f 605//690 614//690 609//690
f 615//691 614//691 612//691
f 616//692 614//692 615//692
f 610//693 614//693 605//693
f 73//694 617//694 77//694
f 77//695 617//695 81//695
f 613//696 617//696 73//696
f 618//697 619//697 616//697
f 620//698 619//698 618//698
f 614//699 619//699 609//699
f 616//700 619//700 614//700
f 609//701 619//701 613//701
f 617//702 621//702 81//702
f 81//703 621//703 85//703
f 85//704 621//704 89//704
f 620//705 622//705 619//705
f 613//706 622//706 617//706
f 623//707 622//707 620//707
f 624//708 622//708 623//708
f 619//709 622//709 613//709
f 617//710 622//710 621//710
f 621//711 625//711 89//711
f 89//712 625//712 93//712
f 93//713 625//713 97//713
f 626//714 627//714 624//714
f 628//715 627//715 626//715
f 622//716 627//716 621//716
f 624//717 627//717 622//717
f 621//718 627//718 625//718
f 97//719 629//719 101//719
f 101//720 629//720 105//720
f 625//721 629//721 97//721
f 627//722 630//722 625//722
f 631//723 630//723 628//723
f 632//724 630//724 631//724
f 628//725 630//725 627//725
f 625//726 630//726 629//726
f 105//727 633//727 108//727
f 108//728 633//728 111//728
f 629//729 633//729 105//729
f 630//730 634//730 629//730
f 635//731 634//731 632//731
f 636//732 634//732 635//732
f 632//733 634//733 630//733
f 111//734 637//734 114//734
f 633//735 637//735 111//735
f 114//736 637//736 118//736
f 118//737 637//737 120//737
f 636//738 638//738 634//738
f 629//739 638//739 633//739
f 639//740 638//740 636//740
f 640//741 638//741 639//741
f 634//742 638//742 629//742
f 638//743 641//743 633//743
f 633//744 641//744 637//744
f 640//745 641//745 638//745
f 120//746 641//746 642//746
f 643//747 641//747 640//747
f 644//748 641//748 643//748
f 642//749 641//749 644//749
f 637//750 641//750 120//750
f 642//751 645//751 120//751
f 120//752 645//752 44//752
f 44//753 646//753 45//753
f 45//754 646//754 43//754
f 43//755 646//755 46//755
f 645//756 647//756 44//756
f 648//757 647//757 645//757
f 649//758 647//758 648//758
f 650//759 647//759 649//759
f 44//760 647//760 646//760
f 46//761 651//761 48//761
f 48//762 651//762 49//762
f 646//763 651//763 46//763
f 652//764 653//764 650//764
f 654//765 653//765 652//765
f 647//766 653//766 646//766
f 650//767 653//767 647//767
f 646//768 653//768 651//768
f 49//769 655//769 47//769
f 47//770 655//770 50//770
f 651//771 655//771 49//771
f 656//772 657//772 654//772
f 658//773 657//773 656//773
f 654//774 657//774 653//774
f 651//775 657//775 655//775
f 653//776 657//776 651//776
f 50//777 659//777 51//777
f 655//778 659//778 50//778
f 660//779 661//779 658//779
f 655//780 661//780 659//780
f 658//781 661//781 657//781
f 657//782 661//782 655//782
f 51//783 662//783 53//783
f 53//784 662//784 52//784
f 659//785 662//785 51//785
f 663//786 664//786 660//786
f 665//787 664//787 663//787
f 659//788 664//788 662//788
f 661//789 664//789 659//789
f 660//790 664//790 661//790
f 52//791 666//791 54//791
f 54//792 666//792 55//792
f 662//793 666//793 52//793
f 667//794 668//794 665//794
f 669//795 668//795 667//795
f 664//796 668//796 662//796
f 662//797 668//797 666//797
f 665//798 668//798 664//798
f 55//799 670//799 56//799
f 56//800 670//800 57//800
f 57//801 670//801 58//801
f 666//802 670//802 55//802
f 58//803 671//803 672//803
f 673//804 671//804 669//804
f 674//805 671//805 673//805
f 672//806 671//806 674//806
f 670//807 671//807 58//807
f 668//808 671//808 666//808
f 669//809 671//809 668//809
f 666//810 671//810 670//810
f 172//811 675//811 173//811
f 173//812 675//812 174//812
f 174//813 675//813 175//813
f 175//814 676//814 164//814
f 164//815 676//815 165//815
f 675//816 676//816 175//816
f 677//817 678//817 172//817
f 172//818 678//818 675//818
f 165//819 679//819 166//819
f 166//820 679//820 167//820
f 676//821 679//821 165//821
f 678//822 680//822 675//822
f 675//823 680//823 676//823
f 677//824 681//824 678//824
f 682//825 681//825 677//825
f 683//826 681//826 682//826
f 684//827 681//827 683//827
f 167//828 685//828 168//828
f 168//829 685//829 169//829
f 679//830 685//830 167//830
f 680//831 686//831 676//831
f 676//832 686//832 679//832
f 684//833 687//833 681//833
f 678//834 687//834 680//834
f 688//835 687//835 684//835
f 689//836 687//836 688//836
f 681//837 687//837 678//837
f 169//838 690//838 161//838
f 161//839 690//839 162//839
f 685//840 690//840 169//840
f 679//841 691//841 685//841
f 686//842 691//842 679//842
f 687//843 692//843 680//843
f 689//844 692//844 687//844
f 693//845 692//845 689//845
f 694//846 692//846 693//846
f 680//847 692//847 686//847
f 162//848 695//848 134//848
f 134//849 695//849 133//849
f 690//850 695//850 162//850
f 685//851 696//851 690//851
f 691//852 696//852 685//852
f 686//853 697//853 691//853
f 698//854 697//854 694//854
f 692//855 697//855 686//855
f 699//856 697//856 698//856
f 694//857 697//857 692//857
f 695//858 700//858 133//858
f 133//859 700//859 131//859
f 131//860 700//860 130//860
f 690//861 701//861 695//861
f 696//862 701//862 690//862
f 699//863 702//863 697//863
f 697//864 702//864 691//864
f 703//865 702//865 699//865
f 704//866 702//866 703//866
f 691//867 702//867 696//867
f 130//868 705//868 129//868
f 129//869 705//869 128//869
f 700//870 705//870 130//870
f 695//871 706//871 700//871
f 700//872 706//872 705//872
f 701//873 706//873 695//873
f 704//874 707//874 702//874
f 708//875 707//875 704//875
f 709//876 707//876 708//876
f 696//877 707//877 701//877
f 702//878 707//878 696//878
f 701//879 707//879 706//879
f 705//880 710//880 128//880
f 128//881 710//881 127//881
f 127//882 710//882 126//882
f 706//883 711//883 705//883
f 707//884 712//884 706//884
f 709//885 712//885 707//885
f 713//886 712//886 709//886
f 714//887 712//887 713//887
f 126//888 715//888 124//888
f 124//889 715//889 123//889
f 710//890 715//890 126//890
f 705//891 716//891 710//891
f 711//892 716//892 705//892
f 714//893 717//893 712//893
f 706//894 717//894 711//894
f 718//895 717//895 714//895
f 712//896 717//896 706//896
f 719//897 717//897 718//897
f 711//898 717//898 716//898
f 123//899 720//899 122//899
f 122//900 720//900 121//900
f 715//901 720//901 123//901
f 710//902 721//902 715//902
f 716//903 721//903 710//903
f 719//904 722//904 717//904
f 717//905 722//905 716//905
f 723//906 722//906 719//906
f 724//907 722//907 723//907
f 121//908 725//908 119//908
f 119//909 725//909 117//909
f 720//910 725//910 121//910
f 715//911 726//911 720//911
f 721//912 726//912 715//912
f 722//913 727//913 716//913
f 724//914 727//914 722//914
f 716//915 727//915 721//915
f 721//916 727//916 726//916
f 728//917 727//917 724//917
f 729//918 727//918 728//918
f 117//919 730//919 116//919
f 116//920 730//920 113//920
f 725//921 730//921 117//921
f 725//922 731//922 730//922
f 726//923 731//923 720//923
f 720//924 731//924 725//924
f 729//925 732//925 727//925
f 727//926 732//926 726//926
f 733//927 732//927 729//927
f 734//928 732//928 733//928
f 730//929 735//929 113//929
f 113//930 735//930 110//930
f 731//931 736//931 730//931
f 726//932 737//932 731//932
f 732//933 737//933 726//933
f 734//934 737//934 732//934
f 738//935 737//935 734//935
f 739//936 737//936 738//936
f 735//937 740//937 110//937
f 110//938 740//938 107//938
f 107//939 740//939 104//939
f 736//940 741//940 730//940
f 730//941 741//941 735//941
f 731//942 742//942 736//942
f 737//943 742//943 731//943
f 739//944 742//944 737//944
f 743//945 742//945 739//945
f 744//946 742//946 743//946
f 104//947 745//947 100//947
f 100//948 745//948 96//948
f 740//949 745//949 104//949
f 735//950 746//950 740//950
f 741//951 746//951 735//951
f 736//952 747//952 741//952
f 742//953 747//953 736//953
f 744//954 747//954 742//954
f 748//955 747//955 744//955
f 96//956 749//956 92//956
f 92//957 749//957 88//957
f 745//958 749//958 96//958
f 746//959 750//959 740//959
f 740//960 750//960 745//960
f 747//961 751//961 741//961
f 748//962 751//962 747//962
f 741//963 751//963 746//963
f 752//964 751//964 748//964
f 753//965 751//965 752//965
f 88//966 754//966 84//966
f 84//967 754//967 80//967
f 749//968 754//968 88//968
f 749//969 755//969 754//969
f 750//970 755//970 745//970
f 745//971 755//971 749//971
f 751//972 756//972 746//972
f 746//973 756//973 750//973
f 753//974 756//974 751//974
f 757//975 756//975 753//975
f 758//976 756//976 757//976
f 80//977 759//977 76//977
f 76//978 759//978 72//978
f 754//979 759//979 80//979
f 755//980 760//980 754//980
f 756//981 761//981 750//981
f 758//982 761//982 756//982
f 762//983 761//983 758//983
f 763//984 761//984 762//984
f 750//985 761//985 755//985
f 72//986 764//986 68//986
f 68//987 764//987 64//987
f 759//988 764//988 72//988
f 754//989 765//989 759//989
f 760//990 765//990 754//990
f 755//991 766//991 760//991
f 761//992 766//992 755//992
f 763//993 766//993 761//993
f 767//994 766//994 763//994
f 768//995 766//995 767//995
f 64//996 769//996 59//996
f 59//997 769//997 62//997
f 764//998 769//998 64//998
f 765//999 770//999 759//999
f 759//1000 770//1000 764//1000
f 766//1001 771//1001 760//1001
f 760//1002 771//1002 765//1002
f 768//1003 771//1003 766//1003
f 772//1004 771//1004 768//1004
f 773//1005 771//1005 772//1005
f 769//1006 774//1006 62//1006
f 62//1007 774//1007 66//1007
f 66//1008 774//1008 70//1008
f 770//1009 775//1009 764//1009
f 764//1010 775//1010 769//1010
f 773//1011 776//1011 771//1011
f 765//1012 776//1012 770//1012
f 771//1013 776//1013 765//1013
f 777//1014 776//1014 773//1014
f 778//1015 776//1015 777//1015
f 774//1016 779//1016 70//1016
f 70//1017 779//1017 74//1017
f 74//1018 779//1018 78//1018
f 775//1019 780//1019 769//1019
f 769//1020 780//1020 774//1020
f 781//1021 782//1021 783//1021
f 778//1022 782//1022 776//1022
f 770//1023 782//1023 775//1023
f 776//1024 782//1024 770//1024
f 783//1025 782//1025 778//1025
f 779//1026 784//1026 78//1026
f 78//1027 784//1027 82//1027
f 82//1028 784//1028 86//1028
f 774//1029 785//1029 779//1029
f 780//1030 785//1030 774//1030
f 786//1031 787//1031 781//1031
f 781//1032 787//1032 782//1032
f 788//1033 787//1033 786//1033
f 775//1034 787//1034 780//1034
f 782//1035 787//1035 775//1035
f 784//1036 789//1036 86//1036
f 86//1037 789//1037 90//1037
f 90//1038 789//1038 94//1038
f 785//1039 790//1039 779//1039
f 779//1040 790//1040 784//1040
f 791//1041 792//1041 788//1041
f 793//1042 792//1042 791//1042
f 780//1043 792//1043 785//1043
f 787//1044 792//1044 780//1044
f 788//1045 792//1045 787//1045
f 789//1046 794//1046 94//1046
f 94//1047 794//1047 98//1047
f 98//1048 794//1048 102//1048
f 784//1049 795//1049 789//1049
f 790//1050 795//1050 784//1050
f 796//1051 797//1051 793//1051
f 792//1052 797//1052 785//1052
f 798//1053 797//1053 796//1053
f 793//1054 797//1054 792//1054
f 785//1055 797//1055 790//1055
f 790//1056 797//1056 795//1056
f 794//1057 799//1057 102//1057
f 102//1058 799//1058 106//1058
f 106//1059 799//1059 109//1059
f 795//1060 800//1060 789//1060
f 789//1061 800//1061 794//1061
f 798//1062 801//1062 797//1062
f 802//1063 801//1063 798//1063
f 803//1064 801//1064 802//1064
f 797//1065 801//1065 795//1065
f 799//1066 804//1066 109//1066
f 109//1067 804//1067 112//1067
f 112//1068 804//1068 294//1068
f 294//1069 804//1069 293//1069
f 794//1070 805//1070 799//1070
f 800//1071 805//1071 794//1071
f 806//1072 807//1072 803//1072
f 808//1073 807//1073 806//1073
f 795//1074 807//1074 800//1074
f 803//1075 807//1075 801//1075
f 801//1076 807//1076 795//1076
f 799//1077 809//1077 804//1077
f 805//1078 809//1078 799//1078
f 293//1079 809//1079 577//1079
f 804//1080 809//1080 293//1080
f 810//1081 811//1081 808//1081
f 812//1082 811//1082 810//1082
f 808//1083 811//1083 807//1083
f 800//1084 811//1084 805//1084
f 807//1085 811//1085 800//1085
f 805//1086 811//1086 809//1086
f 813//1087 814//1087 812//1087
f 815//1088 814//1088 813//1088
f 577//1089 814//1089 815//1089
f 809//1090 814//1090 577//1090
f 812//1091 814//1091 811//1091
f 811//1092 814//1092 809//1092
f 672//1093 816//1093 58//1093
f 58//1094 816//1094 115//1094
f 115//1095 817//1095 125//1095
f 816//1096 817//1096 115//1096
f 125//1097 818//1097 132//1097
f 817//1098 818//1098 125//1098
f 132//1099 819//1099 135//1099
f 818//1100 819//1100 132//1100
f 135//1101 820//1101 136//1101
f 819//1102 820//1102 135//1102
f 136//1103 821//1103 137//1103
f 820//1104 821//1104 136//1104
f 137//1105 822//1105 138//1105
f 821//1106 822//1106 137//1106
f 138//1107 823//1107 139//1107
f 822//1108 823//1108 138//1108
f 139//1109 824//1109 140//1109
f 140//1110 824//1110 141//1110
f 823//1111 824//1111 139//1111
f 824//1112 825//1112 141//1112
f 825//1113 826//1113 141//1113
f 141//1114 826//1114 142//1114
f 142//1115 827//1115 143//1115
f 826//1116 827//1116 142//1116
f 143//1117 828//1117 144//1117
f 827//1118 828//1118 143//1118
f 144//1119 829//1119 145//1119
f 145//1120 829//1120 146//1120
f 828//1121 829//1121 144//1121
f 829//1122 830//1122 146//1122
f 146//1123 831//1123 147//1123
f 830//1124 831//1124 146//1124
f 147//1125 832//1125 148//1125
f 831//1126 832//1126 147//1126
f 148//1127 833//1127 149//1127
f 832//1128 833//1128 148//1128
f 149//1129 834//1129 150//1129
f 833//1130 834//1130 149//1130
f 150//1131 835//1131 151//1131
f 834//1132 835//1132 150//1132
f 151//1133 836//1133 152//1133
f 835//1134 836//1134 151//1134
f 152//1135 837//1135 153//1135
f 836//1136 837//1136 152//1136
f 153//1137 838//1137 154//1137
f 837//1138 838//1138 153//1138
f 154//1139 839//1139 155//1139
f 155//1140 839//1140 156//1140
f 838//1141 839//1141 154//1141
f 839//1142 840//1142 156//1142
f 156//1143 840//1143 157//1143
f 840//1144 841//1144 157//1144
f 157//1145 842//1145 158//1145
f 841//1146 842//1146 157//1146
f 158//1147 843//1147 159//1147
f 842//1148 843//1148 158//1148
f 159//1149 844//1149 160//1149
f 843//1150 844//1150 159//1150
f 845//1151 846//1151 190//1151
f 190//1152 846//1152 191//1152
f 191//1153 847//1153 192//1153
f 846//1154 847//1154 191//1154
f 192//1155 848//1155 185//1155
f 847//1156 848//1156 192//1156
f 185//1157 849//1157 186//1157
f 848//1158 849//1158 185//1158
f 186//1159 850//1159 187//1159
f 849//1160 850//1160 186//1160
f 187//1161 851//1161 188//1161
f 188//1162 851//1162 181//1162
f 850//1163 851//1163 187//1163
f 851//1164 852//1164 181//1164
f 181//1165 853//1165 182//1165
f 852//1166 853//1166 181//1166
f 182//1167 854//1167 183//1167
f 853//1168 854//1168 182//1168
f 183//1169 855//1169 177//1169
f 854//1170 855//1170 183//1170
f 177//1171 856//1171 178//1171
f 855//1172 856//1172 177//1172
f 178//1173 857//1173 179//1173
f 856//1174 857//1174 178//1174
f 179//1175 858//1175 171//1175
f 857//1176 858//1176 179//1176
f 171//1177 677//1177 172//1177
f 858//1178 677//1178 171//1178
f 844//1179 859//1179 160//1179
f 160//1180 859//1180 163//1180
f 163//1181 860//1181 170//1181
f 859//1182 860//1182 163//1182
f 860//1183 176//1183 170//1183
f 860//1184 861//1184 176//1184
f 176//1185 862//1185 180//1185
f 861//1186 862//1186 176//1186
f 180//1187 863//1187 184//1187
f 862//1188 863//1188 180//1188
f 184//1189 864//1189 189//1189
f 863//1190 864//1190 184//1190
f 189//1191 865//1191 193//1191
f 864//1192 865//1192 189//1192
f 865//1193 195//1193 193//1193
f 865//1194 866//1194 195//1194
f 195//1195 867//1195 198//1195
f 866//1196 867//1196 195//1196
f 198//1197 868//1197 200//1197
f 867//1198 868//1198 198//1198
f 868//1199 202//1199 200//1199
f 868//1200 869//1200 202//1200
f 202//1201 870//1201 204//1201
f 869//1202 870//1202 202//1202
f 204//1203 871//1203 207//1203
f 870//1204 871//1204 204//1204
f 207//1205 872//1205 209//1205
f 871//1206 872//1206 207//1206
f 872//1207 873//1207 209//1207
f 209//1208 873//1208 211//1208
f 873//1209 874//1209 211//1209
f 211//1210 874//1210 213//1210
f 874//1211 875//1211 213//1211
f 213//1212 875//1212 216//1212
f 875//1213 876//1213 216//1213
f 216//1214 876//1214 236//1214
f 236//1215 877//1215 242//1215
f 876//1216 877//1216 236//1216
f 242//1217 878//1217 250//1217
f 877//1218 878//1218 242//1218
f 879//1219 880//1219 220//1219
f 220//1220 880//1220 217//1220
f 217//1221 881//1221 214//1221
f 880//1222 881//1222 217//1222
f 214//1223 882//1223 215//1223
f 881//1224 882//1224 214//1224
f 215//1225 883//1225 212//1225
f 882//1226 883//1226 215//1226
f 212//1227 884//1227 210//1227
f 883//1228 884//1228 212//1228
f 884//1229 208//1229 210//1229
f 884//1230 885//1230 208//1230
f 208//1231 886//1231 205//1231
f 885//1232 886//1232 208//1232
f 886//1233 206//1233 205//1233
f 886//1234 887//1234 206//1234
f 887//1235 203//1235 206//1235
f 887//1236 888//1236 203//1236
f 888//1237 201//1237 203//1237
f 888//1238 889//1238 201//1238
f 201//1239 890//1239 199//1239
f 889//1240 890//1240 201//1240
f 199//1241 891//1241 196//1241
f 890//1242 891//1242 199//1242
f 891//1243 197//1243 196//1243
f 891//1244 892//1244 197//1244
f 892//1245 194//1245 197//1245
f 892//1246 893//1246 194//1246
f 194//1247 845//1247 190//1247
f 893//1248 845//1248 194//1248
f 878//1249 252//1249 250//1249
f 894//1250 253//1250 252//1250
f 894//1251 252//1251 878//1251
f 895//1252 251//1252 253//1252
f 895//1253 253//1253 894//1253
f 896//1254 254//1254 251//1254
f 896//1255 251//1255 895//1255
f 897//1256 254//1256 896//1256
f 897//1257 255//1257 254//1257
f 898//1258 255//1258 897//1258
f 898//1259 262//1259 255//1259
f 899//1260 262//1260 898//1260
f 899//1261 258//1261 262//1261
f 900//1262 258//1262 899//1262
f 900//1263 259//1263 258//1263
f 901//1264 259//1264 900//1264
f 901//1265 260//1265 259//1265
f 902//1266 260//1266 901//1266
f 902//1267 257//1267 260//1267
f 903//1268 257//1268 902//1268
f 903//1269 261//1269 257//1269
f 904//1270 261//1270 903//1270
f 904//1271 263//1271 261//1271
f 905//1272 263//1272 904//1272
f 905//1273 264//1273 263//1273
f 906//1274 264//1274 905//1274
f 906//1275 265//1275 264//1275
f 907//1276 267//1276 265//1276
f 907//1277 265//1277 906//1277
f 908//1278 268//1278 267//1278
f 908//1279 267//1279 907//1279
f 909//1280 287//1280 268//1280
f 909//1281 268//1281 908//1281
f 910//1282 283//1282 287//1282
f 910//1283 287//1283 909//1283
f 911//1284 278//1284 283//1284
f 911//1285 283//1285 910//1285
f 912//1286 270//1286 278//1286
f 912//1287 278//1287 911//1287
f 913//1288 271//1288 270//1288
f 913//1289 270//1289 912//1289
f 914//1290 272//1290 271//1290
f 914//1291 271//1291 913//1291
f 915//1292 269//1292 272//1292
f 915//1293 272//1293 914//1293
f 916//1294 277//1294 269//1294
f 916//1295 269//1295 915//1295
f 917//1296 277//1296 916//1296
f 917//1297 282//1297 277//1297
f 918//1298 282//1298 917//1298
f 918//1299 286//1299 282//1299
f 919//1300 286//1300 918//1300
f 919//1301 290//1301 286//1301
f 920//1302 290//1302 919//1302
f 920//1303 292//1303 290//1303
f 921//1304 292//1304 920//1304
f 921//1305 291//1305 292//1305
f 922//1306 291//1306 921//1306
f 922//1307 288//1307 291//1307
f 923//1308 288//1308 922//1308
f 923//1309 284//1309 288//1309
f 924//1310 284//1310 923//1310
f 924//1311 279//1311 284//1311
f 925//1312 279//1312 924//1312
f 925//1313 273//1313 279//1313
f 926//1314 273//1314 925//1314
f 926//1315 274//1315 273//1315
f 927//1316 274//1316 926//1316
f 927//1317 275//1317 274//1317
f 928//1318 275//1318 927//1318
f 928//1319 276//1319 275//1319
f 929//1320 276//1320 928//1320
f 929//1321 280//1321 276//1321
f 930//1322 280//1322 929//1322
f 930//1323 281//1323 280//1323
f 931//1324 281//1324 930//1324
f 931//1325 285//1325 281//1325
f 932//1326 285//1326 931//1326
f 932//1327 289//1327 285//1327
f 933//1328 289//1328 932//1328
f 933//1329 266//1329 289//1329
f 934//1330 266//1330 933//1330
f 935//1331 233//1331 936//1331
f 935//1332 230//1332 233//1332
f 937//1333 231//1333 230//1333
f 937//1334 230//1334 935//1334
f 938//1335 232//1335 231//1335
f 938//1336 231//1336 937//1336
f 939//1337 234//1337 232//1337
f 939//1338 232//1338 938//1338
f 940//1339 235//1339 234//1339
f 940//1340 234//1340 939//1340
f 941//1341 228//1341 235//1341
f 941//1342 235//1342 940//1342
f 942//1343 226//1343 228//1343
f 942//1344 228//1344 941//1344
f 943//1345 223//1345 226//1345
f 943//1346 226//1346 942//1346
f 944//1347 224//1347 223//1347
f 944//1348 223//1348 943//1348
f 945//1349 225//1349 224//1349
f 945//1350 224//1350 944//1350
f 946//1351 227//1351 225//1351
f 946//1352 225//1352 945//1352
f 947//1353 229//1353 227//1353
f 947//1354 227//1354 946//1354
f 948//1355 222//1355 229//1355
f 948//1356 229//1356 947//1356
f 949//1357 221//1357 222//1357
f 949//1358 222//1358 948//1358
f 950//1359 221//1359 949//1359
f 950//1360 218//1360 221//1360
f 951//1361 219//1361 218//1361
f 951//1362 218//1362 950//1362
f 879//1363 219//1363 951//1363
f 879//1364 220//1364 219//1364
f 934//1365 952//1365 266//1365
f 266//1366 952//1366 256//1366
f 256//1367 953//1367 249//1367
f 952//1368 953//1368 256//1368
f 249//1369 954//1369 248//1369
f 248//1370 954//1370 247//1370
f 953//1371 954//1371 249//1371
f 954//1372 955//1372 247//1372
f 247//1373 956//1373 246//1373
f 955//1374 956//1374 247//1374
f 246//1375 957//1375 245//1375
f 956//1376 957//1376 246//1376
f 245//1377 958//1377 244//1377
f 957//1378 958//1378 245//1378
f 244//1379 959//1379 243//1379
f 958//1380 959//1380 244//1380
f 243//1381 960//1381 241//1381
f 959//1382 960//1382 243//1382
f 241//1383 961//1383 240//1383
f 960//1384 961//1384 241//1384
f 240//1385 962//1385 239//1385
f 239//1386 962//1386 238//1386
f 961//1387 962//1387 240//1387
f 238//1388 963//1388 237//1388
f 962//1389 963//1389 238//1389
f 963//1390 964//1390 237//1390
f 237//1391 936//1391 233//1391
f 964//1392 936//1392 237//1392
f 297//1393 296//1393 965//1393
f 965//1394 296//1394 966//1394
f 298//1395 297//1395 967//1395
f 967//1396 297//1396 965//1396
f 295//1397 298//1397 968//1397
f 968//1398 298//1398 967//1398
f 296//1399 295//1399 966//1399
f 966//1400 295//1400 968//1400
f 300//1401 579//1401 301//1401
f 301//1402 969//1402 567//1402
f 579//1403 969//1403 301//1403
f 970//1404 302//1404 358//1404
f 302//1405 580//1405 303//1405
f 970//1406 580//1406 302//1406
f 312//1407 971//1407 308//1407
f 972//1408 971//1408 312//1408
f 971//1409 973//1409 308//1409
f 308//1410 973//1410 307//1410
f 974//1411 972//1411 311//1411
f 311//1412 972//1412 312//1412
f 307//1413 975//1413 305//1413
f 973//1414 975//1414 307//1414
f 976//1415 974//1415 311//1415
f 976//1416 311//1416 310//1416
f 975//1417 977//1417 306//1417
f 975//1418 306//1418 305//1418
f 976//1419 309//1419 978//1419
f 310//1420 309//1420 976//1420
f 309//1421 977//1421 978//1421
f 309//1422 306//1422 977//1422
f 371//1423 979//1423 392//1423
f 392//1424 979//1424 394//1424
f 394//1425 979//1425 397//1425
f 397//1426 980//1426 399//1426
f 399//1427 980//1427 402//1427
f 979//1428 980//1428 397//1428
f 981//1429 982//1429 371//1429
f 983//1430 982//1430 981//1430
f 984//1431 982//1431 983//1431
f 985//1432 982//1432 984//1432
f 371//1433 982//1433 979//1433
f 402//1434 986//1434 404//1434
f 404//1435 986//1435 406//1435
f 980//1436 986//1436 402//1436
f 987//1437 988//1437 985//1437
f 989//1438 988//1438 987//1438
f 979//1439 988//1439 980//1439
f 985//1440 988//1440 982//1440
f 982//1441 988//1441 979//1441
f 406//1442 990//1442 408//1442
f 408//1443 990//1443 411//1443
f 986//1444 990//1444 406//1444
f 980//1445 991//1445 986//1445
f 992//1446 991//1446 989//1446
f 993//1447 991//1447 992//1447
f 988//1448 991//1448 980//1448
f 989//1449 991//1449 988//1449
f 411//1450 994//1450 413//1450
f 413//1451 994//1451 415//1451
f 990//1452 994//1452 411//1452
f 993//1453 995//1453 991//1453
f 986//1454 995//1454 990//1454
f 996//1455 995//1455 993//1455
f 997//1456 995//1456 996//1456
f 991//1457 995//1457 986//1457
f 415//1458 998//1458 417//1458
f 417//1459 998//1459 421//1459
f 994//1460 998//1460 415//1460
f 990//1461 999//1461 994//1461
f 997//1462 999//1462 995//1462
f 995//1463 999//1463 990//1463
f 1000//1464 999//1464 997//1464
f 1001//1465 999//1465 1000//1465
f 421//1466 1002//1466 423//1466
f 423//1467 1002//1467 425//1467
f 998//1468 1002//1468 421//1468
f 1001//1469 1003//1469 999//1469
f 1004//1470 1003//1470 1001//1470
f 1005//1471 1003//1471 1004//1471
f 999//1472 1003//1472 994//1472
f 994//1473 1003//1473 998//1473
f 425//1474 1006//1474 427//1474
f 427//1475 1006//1475 430//1475
f 1002//1476 1006//1476 425//1476
f 1003//1477 1007//1477 998//1477
f 1005//1478 1007//1478 1003//1478
f 1002//1479 1007//1479 1006//1479
f 1008//1480 1007//1480 1005//1480
f 1009//1481 1007//1481 1008//1481
f 998//1482 1007//1482 1002//1482
f 430//1483 1010//1483 432//1483
f 432//1484 1010//1484 434//1484
f 1006//1485 1010//1485 430//1485
f 1009//1486 1011//1486 1007//1486
f 1012//1487 1011//1487 1009//1487
f 1013//1488 1011//1488 1012//1488
f 1007//1489 1011//1489 1006//1489
f 1006//1490 1011//1490 1010//1490
f 434//1491 1014//1491 436//1491
f 436//1492 1014//1492 438//1492
f 1010//1493 1014//1493 434//1493
f 1015//1494 1016//1494 1013//1494
f 1017//1495 1016//1495 1015//1495
f 1013//1496 1016//1496 1011//1496
f 1011//1497 1016//1497 1010//1497
f 438//1498 1018//1498 441//1498
f 441//1499 1018//1499 443//1499
f 1014//1500 1018//1500 438//1500
f 1017//1501 1019//1501 1016//1501
f 1010//1502 1019//1502 1014//1502
f 1020//1503 1019//1503 1017//1503
f 1021//1504 1019//1504 1020//1504
f 1016//1505 1019//1505 1010//1505
f 1014//1506 1019//1506 1018//1506
f 1018//1507 1022//1507 443//1507
f 443//1508 1022//1508 445//1508
f 445//1509 1022//1509 447//1509
f 1023//1510 1024//1510 1021//1510
f 1025//1511 1024//1511 1023//1511
f 1021//1512 1024//1512 1019//1512
f 1019//1513 1024//1513 1018//1513
f 1022//1514 1026//1514 447//1514
f 447//1515 1026//1515 449//1515
f 449//1516 1026//1516 453//1516
f 1027//1517 1028//1517 1025//1517
f 1029//1518 1028//1518 1027//1518
f 1024//1519 1028//1519 1018//1519
f 1025//1520 1028//1520 1024//1520
f 1018//1521 1028//1521 1022//1521
f 453//1522 1030//1522 455//1522
f 455//1523 1030//1523 361//1523
f 1026//1524 1030//1524 453//1524
f 1022//1525 1031//1525 1026//1525
f 1028//1526 1031//1526 1022//1526
f 1029//1527 1031//1527 1028//1527
f 1032//1528 1031//1528 1029//1528
f 1033//1529 1031//1529 1032//1529
f 361//1530 1034//1530 360//1530
f 360//1531 1034//1531 359//1531
f 359//1532 1034//1532 358//1532
f 1030//1533 1034//1533 361//1533
f 1026//1534 1035//1534 1030//1534
f 1033//1535 1035//1535 1031//1535
f 1036//1536 1035//1536 1033//1536
f 1037//1537 1035//1537 1036//1537
f 1031//1538 1035//1538 1026//1538
f 1035//1539 1038//1539 1030//1539
f 1037//1540 1038//1540 1035//1540
f 1034//1541 1038//1541 358//1541
f 358//1542 1038//1542 970//1542
f 1039//1543 1038//1543 1037//1543
f 1040//1544 1038//1544 1039//1544
f 970//1545 1038//1545 1040//1545
f 1030//1546 1038//1546 1034//1546
f 1041//1547 981//1547 326//1547
f 326//1548 981//1548 371//1548
f 314//1549 1042//1549 315//1549
f 315//1550 1042//1550 316//1550
f 316//1551 1042//1551 317//1551
f 1043//1552 1044//1552 314//1552
f 1045//1553 1044//1553 1043//1553
f 1046//1554 1044//1554 1045//1554
f 1047//1555 1044//1555 1046//1555
f 314//1556 1044//1556 1042//1556
f 317//1557 1048//1557 313//1557
f 313//1558 1048//1558 319//1558
f 1042//1559 1048//1559 317//1559
f 1049//1560 1050//1560 1047//1560
f 1051//1561 1050//1561 1049//1561
f 1044//1562 1050//1562 1042//1562
f 1047//1563 1050//1563 1044//1563
f 1042//1564 1050//1564 1048//1564
f 319//1565 1052//1565 320//1565
f 320//1566 1052//1566 318//1566
f 1048//1567 1052//1567 319//1567
f 1053//1568 1054//1568 1051//1568
f 1055//1569 1054//1569 1053//1569
f 1051//1570 1054//1570 1050//1570
f 1048//1571 1054//1571 1052//1571
f 1050//1572 1054//1572 1048//1572
f 318//1573 1056//1573 322//1573
f 1052//1574 1056//1574 318//1574
f 1057//1575 1058//1575 1055//1575
f 1052//1576 1058//1576 1056//1576
f 1055//1577 1058//1577 1054//1577
f 1054//1578 1058//1578 1052//1578
f 322//1579 1059//1579 323//1579
f 323//1580 1059//1580 321//1580
f 1056//1581 1059//1581 322//1581
f 1060//1582 1061//1582 1057//1582
f 1062//1583 1061//1583 1060//1583
f 1056//1584 1061//1584 1059//1584
f 1058//1585 1061//1585 1056//1585
f 1057//1586 1061//1586 1058//1586
f 321//1587 1063//1587 325//1587
f 325//1588 1063//1588 324//1588
f 1059//1589 1063//1589 321//1589
f 1064//1590 1065//1590 1062//1590
f 1066//1591 1065//1591 1064//1591
f 1061//1592 1065//1592 1059//1592
f 1059//1593 1065//1593 1063//1593
f 1062//1594 1065//1594 1061//1594
f 324//1595 1067//1595 337//1595
f 337//1596 1067//1596 338//1596
f 338//1597 1067//1597 326//1597
f 1063//1598 1067//1598 324//1598
f 326//1599 1068//1599 1041//1599
f 1069//1600 1068//1600 1066//1600
f 1070//1601 1068//1601 1069//1601
f 1041//1602 1068//1602 1070//1602
f 1066//1603 1068//1603 1065//1603
f 1065//1604 1068//1604 1063//1604
f 1067//1605 1068//1605 326//1605
f 1063//1606 1068//1606 1067//1606
f 567//1607 1071//1607 568//1607
f 568//1608 1071//1608 458//1608
f 458//1609 1071//1609 457//1609
f 457//1610 1072//1610 456//1610
f 456//1611 1072//1611 454//1611
f 1071//1612 1072//1612 457//1612
f 969//1613 1073//1613 567//1613
f 567//1614 1073//1614 1071//1614
f 454//1615 1074//1615 452//1615
f 452//1616 1074//1616 448//1616
f 1072//1617 1074//1617 454//1617
f 1073//1618 1075//1618 1071//1618
f 1071//1619 1075//1619 1072//1619
f 969//1620 1076//1620 1073//1620
f 1077//1621 1076//1621 969//1621
f 1078//1622 1076//1622 1077//1622
f 1079//1623 1076//1623 1078//1623
f 448//1624 1080//1624 446//1624
f 446//1625 1080//1625 444//1625
f 1074//1626 1080//1626 448//1626
f 1075//1627 1081//1627 1072//1627
f 1072//1628 1081//1628 1074//1628
f 1079//1629 1082//1629 1076//1629
f 1073//1630 1082//1630 1075//1630
f 1083//1631 1082//1631 1079//1631
f 1084//1632 1082//1632 1083//1632
f 1076//1633 1082//1633 1073//1633
f 444//1634 1085//1634 442//1634
f 442//1635 1085//1635 440//1635
f 1080//1636 1085//1636 444//1636
f 1074//1637 1086//1637 1080//1637
f 1081//1638 1086//1638 1074//1638
f 1082//1639 1087//1639 1075//1639
f 1084//1640 1087//1640 1082//1640
f 1088//1641 1087//1641 1084//1641
f 1089//1642 1087//1642 1088//1642
f 1075//1643 1087//1643 1081//1643
f 440//1644 1090//1644 437//1644
f 437//1645 1090//1645 435//1645
f 1085//1646 1090//1646 440//1646
f 1080//1647 1091//1647 1085//1647
f 1086//1648 1091//1648 1080//1648
f 1081//1649 1092//1649 1086//1649
f 1093//1650 1092//1650 1089//1650
f 1087//1651 1092//1651 1081//1651
f 1094//1652 1092//1652 1093//1652
f 1089//1653 1092//1653 1087//1653
f 1090//1654 1095//1654 435//1654
f 435//1655 1095//1655 433//1655
f 433//1656 1095//1656 431//1656
f 1090//1657 1096//1657 1095//1657
f 1085//1658 1096//1658 1090//1658
f 1091//1659 1096//1659 1085//1659
f 1094//1660 1097//1660 1092//1660
f 1092//1661 1097//1661 1086//1661
f 1098//1662 1097//1662 1094//1662
f 1099//1663 1097//1663 1098//1663
f 1086//1664 1097//1664 1091//1664
f 1091//1665 1097//1665 1096//1665
f 431//1666 1100//1666 429//1666
f 429//1667 1100//1667 426//1667
f 1095//1668 1100//1668 431//1668
f 1096//1669 1101//1669 1095//1669
f 1097//1670 1102//1670 1096//1670
f 1099//1671 1102//1671 1097//1671
f 1103//1672 1102//1672 1099//1672
f 1104//1673 1102//1673 1103//1673
f 1100//1674 1105//1674 426//1674
f 426//1675 1105//1675 424//1675
f 424//1676 1105//1676 422//1676
f 1101//1677 1106//1677 1095//1677
f 1095//1678 1106//1678 1100//1678
f 1102//1679 1107//1679 1096//1679
f 1096//1680 1107//1680 1101//1680
f 1104//1681 1107//1681 1102//1681
f 1108//1682 1107//1682 1104//1682
f 1109//1683 1107//1683 1108//1683
f 422//1684 1110//1684 420//1684
f 420//1685 1110//1685 416//1685
f 1105//1686 1110//1686 422//1686
f 1106//1687 1111//1687 1100//1687
f 1100//1688 1111//1688 1105//1688
f 1112//1689 1113//1689 1109//1689
f 1114//1690 1113//1690 1112//1690
f 1107//1691 1113//1691 1101//1691
f 1106//1692 1113//1692 1111//1692
f 1109//1693 1113//1693 1107//1693
f 1101//1694 1113//1694 1106//1694
f 416//1695 1115//1695 414//1695
f 414//1696 1115//1696 412//1696
f 1110//1697 1115//1697 416//1697
f 1111//1698 1116//1698 1105//1698
f 1105//1699 1116//1699 1110//1699
f 1114//1700 1117//1700 1113//1700
f 1113//1701 1117//1701 1111//1701
f 1118//1702 1117//1702 1114//1702
f 1119//1703 1117//1703 1118//1703
f 412//1704 1120//1704 410//1704
f 410//1705 1120//1705 407//1705
f 1115//1706 1120//1706 412//1706
f 1110//1707 1121//1707 1115//1707
f 1116//1708 1121//1708 1110//1708
f 1117//1709 1122//1709 1111//1709
f 1119//1710 1122//1710 1117//1710
f 1116//1711 1122//1711 1121//1711
f 1111//1712 1122//1712 1116//1712
f 1123//1713 1122//1713 1119//1713
f 1124//1714 1122//1714 1123//1714
f 1120//1715 1125//1715 407//1715
f 407//1716 1125//1716 405//1716
f 405//1717 1125//1717 403//1717
f 1121//1718 1126//1718 1115//1718
f 1115//1719 1126//1719 1120//1719
f 1124//1720 1127//1720 1122//1720
f 1122//1721 1127//1721 1121//1721
f 1121//1722 1127//1722 1126//1722
f 1128//1723 1127//1723 1124//1723
f 1129//1724 1127//1724 1128//1724
f 403//1725 1130//1725 401//1725
f 1125//1726 1130//1726 403//1726
f 1120//1727 1131//1727 1125//1727
f 1126//1728 1131//1728 1120//1728
f 1127//1729 1132//1729 1126//1729
f 1129//1730 1132//1730 1127//1730
f 1133//1731 1132//1731 1129//1731
f 1134//1732 1132//1732 1133//1732
f 1130//1733 1135//1733 401//1733
f 401//1734 1135//1734 398//1734
f 398//1735 1135//1735 396//1735
f 1130//1736 1136//1736 1135//1736
f 1131//1737 1136//1737 1125//1737
f 1125//1738 1136//1738 1130//1738
f 1126//1739 1137//1739 1131//1739
f 1134//1740 1137//1740 1132//1740
f 1132//1741 1137//1741 1126//1741
f 1138//1742 1137//1742 1134//1742
f 1139//1743 1137//1743 1138//1743
f 396//1744 1140//1744 395//1744
f 395//1745 1140//1745 393//1745
f 1135//1746 1140//1746 396//1746
f 1136//1747 1141//1747 1135//1747
f 1131//1748 1142//1748 1136//1748
f 1139//1749 1142//1749 1137//1749
f 1137//1750 1142//1750 1131//1750
f 1143//1751 1142//1751 1139//1751
f 393//1752 1144//1752 391//1752
f 391//1753 1144//1753 388//1753
f 1140//1754 1144//1754 393//1754
f 1141//1755 1145//1755 1135//1755
f 1135//1756 1145//1756 1140//1756
f 1140//1757 1145//1757 1144//1757
f 1136//1758 1146//1758 1141//1758
f 1143//1759 1146//1759 1142//1759
f 1142//1760 1146//1760 1136//1760
f 1147//1761 1146//1761 1143//1761
f 1148//1762 1146//1762 1147//1762
f 388//1763 1149//1763 387//1763
f 387//1764 1149//1764 386//1764
f 1144//1765 1149//1765 388//1765
f 1145//1766 1150//1766 1144//1766
f 1144//1767 1150//1767 1149//1767
f 1141//1768 1151//1768 1145//1768
f 1146//1769 1151//1769 1141//1769
f 1148//1770 1151//1770 1146//1770
f 1152//1771 1151//1771 1148//1771
f 1153//1772 1151//1772 1152//1772
f 1149//1773 1154//1773 386//1773
f 386//1774 1154//1774 385//1774
f 385//1775 1154//1775 384//1775
f 1150//1776 1155//1776 1149//1776
f 1151//1777 1156//1777 1145//1777
f 1153//1778 1156//1778 1151//1778
f 1145//1779 1156//1779 1150//1779
f 1157//1780 1156//1780 1153//1780
f 1158//1781 1156//1781 1157//1781
f 384//1782 1159//1782 382//1782
f 382//1783 1159//1783 380//1783
f 1154//1784 1159//1784 384//1784
f 1149//1785 1160//1785 1154//1785
f 1155//1786 1160//1786 1149//1786
f 1150//1787 1161//1787 1155//1787
f 1156//1788 1161//1788 1150//1788
f 1158//1789 1161//1789 1156//1789
f 1162//1790 1161//1790 1158//1790
f 1163//1791 1161//1791 1162//1791
f 1159//1792 1164//1792 380//1792
f 380//1793 1164//1793 378//1793
f 378//1794 1164//1794 376//1794
f 1154//1795 1165//1795 1159//1795
f 1160//1796 1165//1796 1154//1796
f 1155//1797 1166//1797 1160//1797
f 1161//1798 1166//1798 1155//1798
f 1163//1799 1166//1799 1161//1799
f 1167//1800 1166//1800 1163//1800
f 1168//1801 1166//1801 1167//1801
f 1164//1802 1169//1802 376//1802
f 376//1803 1169//1803 373//1803
f 373//1804 1169//1804 370//1804
f 1164//1805 1170//1805 1169//1805
f 1159//1806 1170//1806 1164//1806
f 1165//1807 1170//1807 1159//1807
f 1168//1808 1171//1808 1166//1808
f 1165//1809 1171//1809 1170//1809
f 1166//1810 1171//1810 1160//1810
f 1160//1811 1171//1811 1165//1811
f 1172//1812 1171//1812 1168//1812
f 1173//1813 1171//1813 1172//1813
f 1169//1814 1174//1814 370//1814
f 370//1815 1174//1815 368//1815
f 368//1816 1174//1816 366//1816
f 1170//1817 1175//1817 1169//1817
f 1176//1818 1177//1818 1178//1818
f 1171//1819 1177//1819 1170//1819
f 1173//1820 1177//1820 1171//1820
f 1178//1821 1177//1821 1173//1821
f 366//1822 1179//1822 362//1822
f 362//1823 1179//1823 364//1823
f 1174//1824 1179//1824 366//1824
f 1175//1825 1180//1825 1169//1825
f 1169//1826 1180//1826 1174//1826
f 1181//1827 1182//1827 1176//1827
f 1183//1828 1182//1828 1181//1828
f 1177//1829 1182//1829 1170//1829
f 1175//1830 1182//1830 1180//1830
f 1176//1831 1182//1831 1177//1831
f 1170//1832 1182//1832 1175//1832
f 1179//1833 1184//1833 364//1833
f 364//1834 1184//1834 365//1834
f 365//1835 1184//1835 367//1835
f 1174//1836 1185//1836 1179//1836
f 1180//1837 1185//1837 1174//1837
f 1186//1838 1187//1838 1183//1838
f 1188//1839 1187//1839 1186//1839
f 1183//1840 1187//1840 1182//1840
f 1182//1841 1187//1841 1180//1841
f 1180//1842 1187//1842 1185//1842
f 1184//1843 1189//1843 367//1843
f 367//1844 1189//1844 369//1844
f 369//1845 1189//1845 372//1845
f 1185//1846 1190//1846 1179//1846
f 1179//1847 1190//1847 1184//1847
f 1191//1848 1192//1848 1188//1848
f 1193//1849 1192//1849 1191//1849
f 1188//1850 1192//1850 1187//1850
f 1187//1851 1192//1851 1185//1851
f 1189//1852 1194//1852 372//1852
f 372//1853 1194//1853 374//1853
f 374//1854 1194//1854 377//1854
f 1184//1855 1195//1855 1189//1855
f 1190//1856 1195//1856 1184//1856
f 1196//1857 1197//1857 1193//1857
f 1198//1858 1197//1858 1196//1858
f 1193//1859 1197//1859 1192//1859
f 1185//1860 1197//1860 1190//1860
f 1192//1861 1197//1861 1185//1861
f 1194//1862 1199//1862 377//1862
f 377//1863 1199//1863 379//1863
f 379//1864 1199//1864 381//1864
f 381//1865 1199//1865 383//1865
f 1194//1866 1200//1866 1199//1866
f 1189//1867 1200//1867 1194//1867
f 1195//1868 1200//1868 1189//1868
f 1201//1869 1202//1869 1198//1869
f 1203//1870 1202//1870 1201//1870
f 1198//1871 1202//1871 1197//1871
f 1190//1872 1202//1872 1195//1872
f 1197//1873 1202//1873 1190//1873
f 1195//1874 1202//1874 1200//1874
f 383//1875 1204//1875 1205//1875
f 1199//1876 1204//1876 383//1876
f 1200//1877 1204//1877 1199//1877
f 1206//1878 1207//1878 1203//1878
f 1208//1879 1207//1879 1206//1879
f 1203//1880 1207//1880 1202//1880
f 1202//1881 1207//1881 1200//1881
f 1209//1882 1210//1882 1208//1882
f 1211//1883 1210//1883 1209//1883
f 1205//1884 1210//1884 1211//1884
f 1208//1885 1210//1885 1207//1885
f 1204//1886 1210//1886 1205//1886
f 1200//1887 1210//1887 1204//1887
f 1207//1888 1210//1888 1200//1888
f 1212//1889 1213//1889 357//1889
f 357//1890 1213//1890 356//1890
f 356//1891 1214//1891 355//1891
f 1213//1892 1214//1892 356//1892
f 355//1893 1215//1893 354//1893
f 1214//1894 1215//1894 355//1894
f 354//1895 1216//1895 353//1895
f 1215//1896 1216//1896 354//1896
f 353//1897 1217//1897 352//1897
f 1216//1898 1217//1898 353//1898
f 352//1899 1218//1899 351//1899
f 1217//1900 1218//1900 352//1900
f 351//1901 1219//1901 350//1901
f 1218//1902 1219//1902 351//1902
f 350//1903 1220//1903 349//1903
f 1219//1904 1220//1904 350//1904
f 349//1905 1221//1905 348//1905
f 348//1906 1221//1906 347//1906
f 1220//1907 1221//1907 349//1907
f 1221//1908 1222//1908 347//1908
f 1222//1909 1223//1909 347//1909
f 347//1910 1223//1910 346//1910
f 346//1911 1224//1911 345//1911
f 1223//1912 1224//1912 346//1912
f 345//1913 1225//1913 344//1913
f 1224//1914 1225//1914 345//1914
f 344//1915 1226//1915 343//1915
f 343//1916 1226//1916 342//1916
f 1225//1917 1226//1917 344//1917
f 1226//1918 1227//1918 342//1918
f 342//1919 1228//1919 341//1919
f 1227//1920 1228//1920 342//1920
f 341//1921 1229//1921 340//1921
f 340//1922 1229//1922 339//1922
f 1228//1923 1229//1923 341//1923
f 339//1924 1230//1924 327//1924
f 1229//1925 1230//1925 339//1925
f 1230//1926 1231//1926 327//1926
f 327//1927 1232//1927 328//1927
f 1231//1928 1232//1928 327//1928
f 328//1929 1233//1929 329//1929
f 1232//1930 1233//1930 328//1930
f 329//1931 1234//1931 330//1931
f 1233//1932 1234//1932 329//1932
f 330//1933 1235//1933 331//1933
f 1234//1934 1235//1934 330//1934
f 331//1935 1236//1935 332//1935
f 332//1936 1236//1936 333//1936
f 1235//1937 1236//1937 331//1937
f 1236//1938 1237//1938 333//1938
f 333//1939 1238//1939 334//1939
f 1237//1940 1238//1940 333//1940
f 334//1941 1239//1941 335//1941
f 1238//1942 1239//1942 334//1942
f 335//1943 1240//1943 336//1943
f 336//1944 1240//1944 314//1944
f 1239//1945 1240//1945 335//1945
f 1240//1946 1043//1946 314//1946
f 1205//1947 1241//1947 383//1947
f 383//1948 1241//1948 389//1948
f 389//1949 1242//1949 400//1949
f 1241//1950 1242//1950 389//1950
f 400//1951 1243//1951 409//1951
f 1242//1952 1243//1952 400//1952
f 409//1953 1244//1953 418//1953
f 1243//1954 1244//1954 409//1954
f 418//1955 1245//1955 428//1955
f 1244//1956 1245//1956 418//1956
f 428//1957 1246//1957 439//1957
f 1245//1958 1246//1958 428//1958
f 439//1959 1247//1959 450//1959
f 1246//1960 1247//1960 439//1960
f 450//1961 1248//1961 459//1961
f 1247//1962 1248//1962 450//1962
f 459//1963 1249//1963 460//1963
f 1248//1964 1249//1964 459//1964
f 460//1965 1250//1965 461//1965
f 1249//1966 1250//1966 460//1966
f 461//1967 1251//1967 462//1967
f 1250//1968 1251//1968 461//1968
f 462//1969 1252//1969 464//1969
f 1251//1970 1252//1970 462//1970
f 464//1971 1253//1971 465//1971
f 1252//1972 1253//1972 464//1972
f 465//1973 1254//1973 466//1973
f 1253//1974 1254//1974 465//1974
f 1255//1975 1256//1975 494//1975
f 494//1976 1256//1976 530//1976
f 530//1977 1257//1977 543//1977
f 1256//1978 1257//1978 530//1978
f 543//1979 1258//1979 541//1979
f 1257//1980 1258//1980 543//1980
f 541//1981 1259//1981 533//1981
f 1258//1982 1259//1982 541//1982
f 1259//1983 527//1983 533//1983
f 1259//1984 1260//1984 527//1984
f 527//1985 1261//1985 509//1985
f 1260//1986 1261//1986 527//1986
f 509//1987 1262//1987 481//1987
f 1261//1988 1262//1988 509//1988
f 481//1989 1263//1989 478//1989
f 1262//1990 1263//1990 481//1990
f 478//1991 1264//1991 476//1991
f 1263//1992 1264//1992 478//1992
f 476//1993 1265//1993 474//1993
f 1264//1994 1265//1994 476//1994
f 474//1995 1266//1995 472//1995
f 1265//1996 1266//1996 474//1996
f 472//1997 1267//1997 469//1997
f 1266//1998 1267//1998 472//1998
f 1267//1999 467//1999 469//1999
f 1267//2000 1268//2000 467//2000
f 1268//2001 1269//2001 467//2001
f 467//2002 1269//2002 463//2002
f 1269//2003 451//2003 463//2003
f 1269//2004 1270//2004 451//2004
f 1270//2005 1271//2005 451//2005
f 451//2006 1271//2006 419//2006
f 1271//2007 1272//2007 419//2007
f 419//2008 1272//2008 390//2008
f 1272//2009 1273//2009 390//2009
f 390//2010 1273//2010 375//2010
f 1273//2011 1274//2011 375//2011
f 375//2012 1274//2012 363//2012
f 363//2013 1212//2013 357//2013
f 1274//2014 1212//2014 363//2014
f 1254//2015 1275//2015 466//2015
f 466//2016 1275//2016 468//2016
f 468//2017 1276//2017 470//2017
f 1275//2018 1276//2018 468//2018
f 470//2019 1277//2019 471//2019
f 1276//2020 1277//2020 470//2020
f 1277//2021 473//2021 471//2021
f 1277//2022 1278//2022 473//2022
f 1278//2023 475//2023 473//2023
f 1278//2024 1279//2024 475//2024
f 475//2025 1280//2025 477//2025
f 1279//2026 1280//2026 475//2026
f 1280//2027 479//2027 477//2027
f 1280//2028 1281//2028 479//2028
f 479//2029 1282//2029 480//2029
f 1281//2030 1282//2030 479//2030
f 480//2031 1283//2031 508//2031
f 1282//2032 1283//2032 480//2032
f 1283//2033 526//2033 508//2033
f 1283//2034 1284//2034 526//2034
f 526//2035 1285//2035 532//2035
f 1284//2036 1285//2036 526//2036
f 532//2037 1286//2037 537//2037
f 1285//2038 1286//2038 532//2038
f 1286//2039 540//2039 537//2039
f 1286//2040 1287//2040 540//2040
f 540//2041 1288//2041 546//2041
f 1287//2042 1288//2042 540//2042
f 1288//2043 552//2043 546//2043
f 1288//2044 1289//2044 552//2044
f 1290//2045 521//2045 524//2045
f 1291//2046 522//2046 521//2046
f 1291//2047 521//2047 1290//2047
f 1292//2048 523//2048 522//2048
f 1292//2049 522//2049 1291//2049
f 1293//2050 525//2050 523//2050
f 1293//2051 523//2051 1292//2051
f 1294//2052 525//2052 1293//2052
f 1294//2053 519//2053 525//2053
f 1295//2054 519//2054 1294//2054
f 1295//2055 517//2055 519//2055
f 1296//2056 517//2056 1295//2056
f 1296//2057 515//2057 517//2057
f 1297//2058 515//2058 1296//2058
f 1297//2059 512//2059 515//2059
f 1298//2060 512//2060 1297//2060
f 1298//2061 513//2061 512//2061
f 1299//2062 513//2062 1298//2062
f 1299//2063 514//2063 513//2063
f 1300//2064 514//2064 1299//2064
f 1300//2065 516//2065 514//2065
f 1301//2066 516//2066 1300//2066
f 1301//2067 518//2067 516//2067
f 1302//2068 518//2068 1301//2068
f 1302//2069 520//2069 518//2069
f 1303//2070 520//2070 1302//2070
f 1303//2071 511//2071 520//2071
f 1304//2072 510//2072 511//2072
f 1304//2073 511//2073 1303//2073
f 1305//2074 507//2074 510//2074
f 1305//2075 510//2075 1304//2075
f 1306//2076 504//2076 507//2076
f 1306//2077 507//2077 1305//2077
f 1307//2078 502//2078 504//2078
f 1307//2079 504//2079 1306//2079
f 1308//2080 500//2080 502//2080
f 1308//2081 502//2081 1307//2081
f 1309//2082 498//2082 500//2082
f 1309//2083 500//2083 1308//2083
f 1310//2084 495//2084 498//2084
f 1310//2085 498//2085 1309//2085
f 1311//2086 496//2086 495//2086
f 1311//2087 495//2087 1310//2087
f 1312//2088 497//2088 496//2088
f 1312//2089 496//2089 1311//2089
f 1313//2090 499//2090 497//2090
f 1313//2091 497//2091 1312//2091
f 1314//2092 499//2092 1313//2092
f 1314//2093 501//2093 499//2093
f 1315//2094 501//2094 1314//2094
f 1315//2095 503//2095 501//2095
f 1316//2096 503//2096 1315//2096
f 1316//2097 505//2097 503//2097
f 1317//2098 505//2098 1316//2098
f 1317//2099 506//2099 505//2099
f 1318//2100 506//2100 1317//2100
f 1318//2101 493//2101 506//2101
f 1319//2102 493//2102 1318//2102
f 1319//2103 491//2103 493//2103
f 1320//2104 491//2104 1319//2104
f 1320//2105 489//2105 491//2105
f 1321//2106 489//2106 1320//2106
f 1321//2107 486//2107 489//2107
f 1322//2108 486//2108 1321//2108
f 1322//2109 482//2109 486//2109
f 1323//2110 482//2110 1322//2110
f 1323//2111 483//2111 482//2111
f 1324//2112 483//2112 1323//2112
f 1324//2113 484//2113 483//2113
f 1325//2114 484//2114 1324//2114
f 1325//2115 485//2115 484//2115
f 1326//2116 485//2116 1325//2116
f 1326//2117 487//2117 485//2117
f 1327//2118 487//2118 1326//2118
f 1327//2119 488//2119 487//2119
f 1328//2120 488//2120 1327//2120
f 1328//2121 490//2121 488//2121
f 1329//2122 490//2122 1328//2122
f 1329//2123 492//2123 490//2123
f 1330//2124 492//2124 1329//2124
f 1330//2125 494//2125 492//2125
f 1255//2126 494//2126 1330//2126
f 1331//2127 552//2127 1289//2127
f 1331//2128 557//2128 552//2128
f 1332//2129 558//2129 557//2129
f 1332//2130 557//2130 1331//2130
f 1333//2131 556//2131 558//2131
f 1333//2132 558//2132 1332//2132
f 1334//2133 559//2133 556//2133
f 1334//2134 556//2134 1333//2134
f 1335//2135 560//2135 559//2135
f 1335//2136 559//2136 1334//2136
f 1336//2137 564//2137 560//2137
f 1336//2138 560//2138 1335//2138
f 1337//2139 566//2139 564//2139
f 1337//2140 564//2140 1336//2140
f 1338//2141 561//2141 566//2141
f 1338//2142 566//2142 1337//2142
f 1339//2143 562//2143 561//2143
f 1339//2144 561//2144 1338//2144
f 1340//2145 563//2145 562//2145
f 1340//2146 562//2146 1339//2146
f 1341//2147 565//2147 563//2147
f 1341//2148 563//2148 1340//2148
f 1342//2149 555//2149 565//2149
f 1342//2150 565//2150 1341//2150
f 1343//2151 554//2151 555//2151
f 1343//2152 555//2152 1342//2152
f 1344//2153 551//2153 554//2153
f 1344//2154 554//2154 1343//2154
f 1345//2155 551//2155 1344//2155
f 1345//2156 548//2156 551//2156
f 1346//2157 549//2157 548//2157
f 1346//2158 548//2158 1345//2158
f 1347//2159 549//2159 1346//2159
f 1347//2160 550//2160 549//2160
f 1347//2161 1348//2161 550//2161
f 550//2162 1348//2162 553//2162
f 553//2163 1349//2163 547//2163
f 1348//2164 1349//2164 553//2164
f 547//2165 1350//2165 545//2165
f 545//2166 1350//2166 544//2166
f 1349//2167 1350//2167 547//2167
f 1350//2168 1351//2168 544//2168
f 544//2169 1352//2169 542//2169
f 542//2170 1352//2170 539//2170
f 1351//2171 1352//2171 544//2171
f 1352//2172 1353//2172 539//2172
f 539//2173 1354//2173 538//2173
f 1353//2174 1354//2174 539//2174
f 538//2175 1355//2175 536//2175
f 1354//2176 1355//2176 538//2176
f 536//2177 1356//2177 535//2177
f 1355//2178 1356//2178 536//2178
f 535//2179 1357//2179 534//2179
f 1356//2180 1357//2180 535//2180
f 534//2181 1358//2181 531//2181
f 531//2182 1358//2182 529//2182
f 1357//2183 1358//2183 534//2183
f 1358//2184 1359//2184 529//2184
f 529//2185 1360//2185 528//2185
f 1359//2186 1360//2186 529//2186
f 528//2187 1290//2187 524//2187
f 1360//2188 1290//2188 528//2188
f 569//2189 1361//2189 1362//2189
f 569//2190 570//2190 1361//2190
f 571//2191 569//2191 1363//2191
f 1363//2192 569//2192 1362//2192
f 570//2193 572//2193 1364//2193
f 570//2194 1364//2194 1361//2194
f 573//2195 1363//2195 1365//2195
f 573//2196 571//2196 1363//2196
f 572//2197 1366//2197 1364//2197
f 572//2198 574//2198 1366//2198
f 575//2199 573//2199 1367//2199
f 1367//2200 573//2200 1365//2200
f 574//2201 1368//2201 1366//2201
f 574//2202 576//2202 1368//2202
f 576//2203 575//2203 1368//2203
f 1368//2204 575//2204 1367//2204
f 577//2205 579//2205 578//2205
f 969//2206 579//2206 577//2206
f 581//2207 1369//2207 1370//2207
f 1370//2208 582//2208 581//2208
f 1370//2209 1371//2209 582//2209
f 1371//2210 1372//2210 582//2210
f 1369//2211 580//2211 1373//2211
f 1373//2212 580//2212 1374//2212
f 581//2213 580//2213 1369//2213
f 1374//2214 970//2214 1375//2214
f 1375//2215 970//2215 1376//2215
f 580//2216 970//2216 1374//2216
f 970//2217 582//2217 1376//2217
f 1376//2218 582//2218 1372//2218
f 582//2219 970//2219 1040//2219
f 586//2220 1040//2220 1039//2220
f 586//2221 582//2221 1040//2221
f 587//2222 1039//2222 1037//2222
f 587//2223 586//2223 1039//2223
f 588//2224 1037//2224 1036//2224
f 588//2225 587//2225 1037//2225
f 590//2226 1036//2226 1033//2226
f 590//2227 588//2227 1036//2227
f 592//2228 1033//2228 1032//2228
f 592//2229 590//2229 1033//2229
f 595//2230 1032//2230 1029//2230
f 595//2231 592//2231 1032//2231
f 596//2232 1029//2232 1027//2232
f 596//2233 595//2233 1029//2233
f 599//2234 596//2234 1027//2234
f 600//2235 599//2235 1027//2235
f 600//2236 1025//2236 1023//2236
f 600//2237 1027//2237 1025//2237
f 603//2238 600//2238 1023//2238
f 603//2239 1023//2239 1021//2239
f 604//2240 603//2240 1021//2240
f 604//2241 1021//2241 1020//2241
f 607//2242 1020//2242 1017//2242
f 607//2243 604//2243 1020//2243
f 608//2244 1017//2244 1015//2244
f 608//2245 607//2245 1017//2245
f 611//2246 608//2246 1015//2246
f 612//2247 1013//2247 1012//2247
f 612//2248 1015//2248 1013//2248
f 612//2249 611//2249 1015//2249
f 615//2250 1012//2250 1009//2250
f 615//2251 612//2251 1012//2251
f 616//2252 1009//2252 1008//2252
f 616//2253 615//2253 1009//2253
f 618//2254 1008//2254 1005//2254
f 618//2255 616//2255 1008//2255
f 620//2256 618//2256 1005//2256
f 623//2257 1004//2257 1001//2257
f 623//2258 1005//2258 1004//2258
f 623//2259 620//2259 1005//2259
f 624//2260 623//2260 1001//2260
f 626//2261 1000//2261 997//2261
f 626//2262 1001//2262 1000//2262
f 626//2263 624//2263 1001//2263
f 628//2264 626//2264 997//2264
f 631//2265 997//2265 996//2265
f 631//2266 628//2266 997//2266
f 632//2267 993//2267 992//2267
f 632//2268 996//2268 993//2268
f 632//2269 631//2269 996//2269
f 635//2270 632//2270 992//2270
f 636//2271 989//2271 987//2271
f 636//2272 992//2272 989//2272
f 636//2273 635//2273 992//2273
f 639//2274 987//2274 985//2274
f 639//2275 636//2275 987//2275
f 640//2276 639//2276 985//2276
f 643//2277 985//2277 984//2277
f 643//2278 640//2278 985//2278
f 644//2279 983//2279 981//2279
f 644//2280 984//2280 983//2280
f 644//2281 643//2281 984//2281
f 642//2282 644//2282 981//2282
f 981//2283 1041//2283 645//2283
f 981//2284 645//2284 642//2284
f 648//2285 645//2285 1041//2285
f 648//2286 1041//2286 1070//2286
f 649//2287 1069//2287 1066//2287
f 649//2288 1070//2288 1069//2288
f 649//2289 648//2289 1070//2289
f 650//2290 649//2290 1066//2290
f 652//2291 1064//2291 1062//2291
f 652//2292 1066//2292 1064//2292
f 652//2293 650//2293 1066//2293
f 654//2294 652//2294 1062//2294
f 656//2295 1062//2295 1060//2295
f 656//2296 654//2296 1062//2296
f 658//2297 1057//2297 1055//2297
f 658//2298 1060//2298 1057//2298
f 658//2299 656//2299 1060//2299
f 660//2300 1055//2300 1053//2300
f 660//2301 658//2301 1055//2301
f 663//2302 1053//2302 1051//2302
f 663//2303 660//2303 1053//2303
f 665//2304 663//2304 1051//2304
f 667//2305 1049//2305 1047//2305
f 667//2306 1051//2306 1049//2306
f 667//2307 665//2307 1051//2307
f 669//2308 1047//2308 1046//2308
f 669//2309 667//2309 1047//2309
f 673//2310 669//2310 1046//2310
f 674//2311 1045//2311 1043//2311
f 674//2312 1046//2312 1045//2312
f 674//2313 673//2313 1046//2313
f 672//2314 674//2314 1043//2314
f 682//2315 677//2315 1205//2315
f 682//2316 1205//2316 1211//2316
f 683//2317 682//2317 1211//2317
f 683//2318 1211//2318 1209//2318
f 684//2319 683//2319 1209//2319
f 684//2320 1209//2320 1208//2320
f 688//2321 684//2321 1208//2321
f 688//2322 1208//2322 1206//2322
f 689//2323 688//2323 1206//2323
f 689//2324 1206//2324 1203//2324
f 693//2325 689//2325 1203//2325
f 693//2326 1203//2326 1201//2326
f 694//2327 693//2327 1201//2327
f 694//2328 1201//2328 1198//2328
f 698//2329 1198//2329 1196//2329
f 698//2330 694//2330 1198//2330
f 699//2331 698//2331 1196//2331
f 699//2332 1193//2332 1191//2332
f 699//2333 1196//2333 1193//2333
f 703//2334 699//2334 1191//2334
f 704//2335 1191//2335 1188//2335
f 704//2336 703//2336 1191//2336
f 708//2337 1188//2337 1186//2337
f 708//2338 704//2338 1188//2338
f 709//2339 1183//2339 1181//2339
f 709//2340 1186//2340 1183//2340
f 709//2341 708//2341 1186//2341
f 713//2342 1181//2342 1176//2342
f 713//2343 709//2343 1181//2343
f 714//2344 713//2344 1176//2344
f 718//2345 1178//2345 1173//2345
f 718//2346 1176//2346 1178//2346
f 718//2347 714//2347 1176//2347
f 719//2348 1173//2348 1172//2348
f 719//2349 718//2349 1173//2349
f 723//2350 719//2350 1172//2350
f 724//2351 1172//2351 1168//2351
f 724//2352 723//2352 1172//2352
f 728//2353 1167//2353 1163//2353
f 728//2354 1168//2354 1167//2354
f 728//2355 724//2355 1168//2355
f 729//2356 728//2356 1163//2356
f 733//2357 729//2357 1163//2357
f 733//2358 1162//2358 1158//2358
f 733//2359 1163//2359 1162//2359
f 734//2360 733//2360 1158//2360
f 738//2361 734//2361 1158//2361
f 738//2362 1157//2362 1153//2362
f 738//2363 1158//2363 1157//2363
f 739//2364 738//2364 1153//2364
f 743//2365 739//2365 1153//2365
f 743//2366 1152//2366 1148//2366
f 743//2367 1153//2367 1152//2367
f 744//2368 743//2368 1148//2368
f 744//2369 1148//2369 1147//2369
f 748//2370 744//2370 1147//2370
f 752//2371 1143//2371 1139//2371
f 752//2372 1147//2372 1143//2372
f 752//2373 748//2373 1147//2373
f 753//2374 752//2374 1139//2374
f 757//2375 1138//2375 1134//2375
f 757//2376 1139//2376 1138//2376
f 757//2377 753//2377 1139//2377
f 758//2378 1134//2378 1133//2378
f 758//2379 757//2379 1134//2379
f 762//2380 1133//2380 1129//2380
f 762//2381 758//2381 1133//2381
f 763//2382 762//2382 1129//2382
f 767//2383 1129//2383 1128//2383
f 767//2384 763//2384 1129//2384
f 768//2385 1128//2385 1124//2385
f 768//2386 767//2386 1128//2386
f 772//2387 1124//2387 1123//2387
f 772//2388 768//2388 1124//2388
f 773//2389 1123//2389 1119//2389
f 773//2390 772//2390 1123//2390
f 777//2391 1119//2391 1118//2391
f 777//2392 773//2392 1119//2392
f 778//2393 1114//2393 1112//2393
f 778//2394 1118//2394 1114//2394
f 778//2395 777//2395 1118//2395
f 783//2396 778//2396 1112//2396
f 781//2397 1109//2397 1108//2397
f 781//2398 1112//2398 1109//2398
f 781//2399 783//2399 1112//2399
f 786//2400 781//2400 1108//2400
f 788//2401 1104//2401 1103//2401
f 788//2402 1108//2402 1104//2402
f 788//2403 786//2403 1108//2403
f 791//2404 788//2404 1103//2404
f 793//2405 791//2405 1103//2405
f 793//2406 1099//2406 1098//2406
f 793//2407 1103//2407 1099//2407
f 796//2408 793//2408 1098//2408
f 798//2409 796//2409 1098//2409
f 798//2410 1098//2410 1094//2410
f 802//2411 798//2411 1094//2411
f 802//2412 1094//2412 1093//2412
f 803//2413 1093//2413 1089//2413
f 803//2414 802//2414 1093//2414
f 806//2415 1089//2415 1088//2415
f 806//2416 803//2416 1089//2416
f 808//2417 1084//2417 1083//2417
f 808//2418 1088//2418 1084//2418
f 808//2419 806//2419 1088//2419
f 810//2420 808//2420 1083//2420
f 812//2421 1079//2421 1078//2421
f 812//2422 1083//2422 1079//2422
f 812//2423 810//2423 1083//2423
f 813//2424 812//2424 1078//2424
f 815//2425 1078//2425 1077//2425
f 815//2426 813//2426 1078//2426
f 577//2427 1077//2427 969//2427
f 577//2428 815//2428 1077//2428
f 1213//2429 1212//2429 844//2429
f 1213//2430 844//2430 843//2430
f 1214//2431 843//2431 842//2431
f 1214//2432 1213//2432 843//2432
f 1215//2433 842//2433 841//2433
f 1215//2434 1214//2434 842//2434
f 1216//2435 841//2435 840//2435
f 1216//2436 1215//2436 841//2436
f 1217//2437 840//2437 839//2437
f 1217//2438 1216//2438 840//2438
f 1218//2439 839//2439 838//2439
f 1218//2440 1217//2440 839//2440
f 1219//2441 838//2441 837//2441
f 1219//2442 1218//2442 838//2442
f 1220//2443 837//2443 836//2443
f 1220//2444 1219//2444 837//2444
f 1221//2445 1220//2445 836//2445
f 1221//2446 835//2446 834//2446
f 1221//2447 836//2447 835//2447
f 1222//2448 1221//2448 834//2448
f 1223//2449 1222//2449 834//2449
f 1223//2450 833//2450 832//2450
f 1223//2451 834//2451 833//2451
f 1224//2452 1223//2452 832//2452
f 1225//2453 1224//2453 832//2453
f 1225//2454 832//2454 831//2454
f 1226//2455 1225//2455 831//2455
f 1226//2456 831//2456 830//2456
f 1227//2457 1226//2457 830//2457
f 1227//2458 830//2458 829//2458
f 1228//2459 1227//2459 829//2459
f 1228//2460 829//2460 828//2460
f 1229//2461 1228//2461 828//2461
f 1229//2462 828//2462 827//2462
f 1230//2463 1229//2463 827//2463
f 1230//2464 827//2464 826//2464
f 1231//2465 826//2465 825//2465
f 1231//2466 1230//2466 826//2466
f 1232//2467 825//2467 824//2467
f 1232//2468 1231//2468 825//2468
f 1233//2469 1232//2469 824//2469
f 1233//2470 823//2470 822//2470
f 1233//2471 824//2471 823//2471
f 1234//2472 1233//2472 822//2472
f 1235//2473 1234//2473 822//2473
f 1235//2474 822//2474 821//2474
f 1236//2475 821//2475 820//2475
f 1236//2476 1235//2476 821//2476
f 1237//2477 819//2477 818//2477
f 1237//2478 820//2478 819//2478
f 1237//2479 1236//2479 820//2479
f 1238//2480 1237//2480 818//2480
f 1239//2481 818//2481 817//2481
f 1239//2482 1238//2482 818//2482
f 1240//2483 817//2483 816//2483
f 1240//2484 1239//2484 817//2484
f 1043//2485 816//2485 672//2485
f 1043//2486 1240//2486 816//2486
f 845//2487 1254//2487 846//2487
f 1254//2488 1253//2488 846//2488
f 846//2489 1252//2489 847//2489
f 847//2490 1252//2490 848//2490
f 1253//2491 1252//2491 846//2491
f 848//2492 1251//2492 849//2492
f 1252//2493 1251//2493 848//2493
f 1251//2494 1250//2494 849//2494
f 849//2495 1249//2495 850//2495
f 850//2496 1249//2496 851//2496
f 1250//2497 1249//2497 849//2497
f 1249//2498 1248//2498 851//2498
f 851//2499 1247//2499 852//2499
f 1248//2500 1247//2500 851//2500
f 852//2501 1246//2501 853//2501
f 1247//2502 1246//2502 852//2502
f 853//2503 1245//2503 854//2503
f 1246//2504 1245//2504 853//2504
f 854//2505 1244//2505 855//2505
f 1245//2506 1244//2506 854//2506
f 855//2507 1243//2507 856//2507
f 1244//2508 1243//2508 855//2508
f 856//2509 1242//2509 857//2509
f 1243//2510 1242//2510 856//2510
f 857//2511 1241//2511 858//2511
f 858//2512 1241//2512 677//2512
f 1242//2513 1241//2513 857//2513
f 1241//2514 1205//2514 677//2514
f 844//2515 1212//2515 859//2515
f 859//2516 1274//2516 860//2516
f 1212//2517 1274//2517 859//2517
f 860//2518 1273//2518 861//2518
f 1274//2519 1273//2519 860//2519
f 861//2520 1272//2520 862//2520
f 1273//2521 1272//2521 861//2521
f 862//2522 1271//2522 863//2522
f 1272//2523 1271//2523 862//2523
f 863//2524 1270//2524 864//2524
f 1271//2525 1270//2525 863//2525
f 864//2526 1269//2526 865//2526
f 1270//2527 1269//2527 864//2527
f 1269//2528 1268//2528 865//2528
f 865//2529 1267//2529 866//2529
f 866//2530 1267//2530 867//2530
f 1268//2531 1267//2531 865//2531
f 867//2532 1266//2532 868//2532
f 1267//2533 1266//2533 867//2533
f 868//2534 1265//2534 869//2534
f 1266//2535 1265//2535 868//2535
f 869//2536 1264//2536 870//2536
f 1265//2537 1264//2537 869//2537
f 1264//2538 1263//2538 870//2538
f 870//2539 1262//2539 871//2539
f 871//2540 1262//2540 872//2540
f 1263//2541 1262//2541 870//2541
f 1262//2542 1261//2542 872//2542
f 1261//2543 1260//2543 872//2543
f 872//2544 1260//2544 873//2544
f 1260//2545 1259//2545 873//2545
f 873//2546 1259//2546 874//2546
f 874//2547 1259//2547 875//2547
f 1259//2548 1258//2548 875//2548
f 875//2549 1258//2549 876//2549
f 1258//2550 1257//2550 876//2550
f 1257//2551 1256//2551 876//2551
f 876//2552 1256//2552 877//2552
f 877//2553 1256//2553 878//2553
f 1256//2554 1255//2554 878//2554
f 1254//2555 845//2555 893//2555
f 1275//2556 893//2556 892//2556
f 1275//2557 1254//2557 893//2557
f 1276//2558 892//2558 891//2558
f 1276//2559 1275//2559 892//2559
f 1277//2560 891//2560 890//2560
f 1277//2561 1276//2561 891//2561
f 1278//2562 1277//2562 890//2562
f 1279//2563 890//2563 889//2563
f 1279//2564 1278//2564 890//2564
f 1280//2565 888//2565 887//2565
f 1280//2566 889//2566 888//2566
f 1280//2567 1279//2567 889//2567
f 1281//2568 1280//2568 887//2568
f 1282//2569 886//2569 885//2569
f 1282//2570 887//2570 886//2570
f 1282//2571 1281//2571 887//2571
f 1283//2572 1282//2572 885//2572
f 1284//2573 885//2573 884//2573
f 1284//2574 1283//2574 885//2574
f 1285//2575 883//2575 882//2575
f 1285//2576 884//2576 883//2576
f 1285//2577 1284//2577 884//2577
f 1286//2578 1285//2578 882//2578
f 1287//2579 881//2579 880//2579
f 1287//2580 882//2580 881//2580
f 1287//2581 1286//2581 882//2581
f 1288//2582 880//2582 879//2582
f 1288//2583 1287//2583 880//2583
f 1289//2584 1288//2584 879//2584
f 934//2585 933//2585 1290//2585
f 1290//2586 933//2586 1291//2586
f 1291//2587 932//2587 1292//2587
f 933//2588 932//2588 1291//2588
f 932//2589 931//2589 1292//2589
f 1292//2590 930//2590 1293//2590
f 931//2591 930//2591 1292//2591
f 1293//2592 929//2592 1294//2592
f 930//2593 929//2593 1293//2593
f 1294//2594 928//2594 1295//2594
f 929//2595 928//2595 1294//2595
f 1295//2596 927//2596 1296//2596
f 928//2597 927//2597 1295//2597
f 1296//2598 926//2598 1297//2598
f 927//2599 926//2599 1296//2599
f 1297//2600 925//2600 1298//2600
f 926//2601 925//2601 1297//2601
f 1298//2602 924//2602 1299//2602
f 925//2603 924//2603 1298//2603
f 1299//2604 923//2604 1300//2604
f 924//2605 923//2605 1299//2605
f 1300//2606 922//2606 1301//2606
f 923//2607 922//2607 1300//2607
f 1301//2608 921//2608 1302//2608
f 922//2609 921//2609 1301//2609
f 1302//2610 920//2610 1303//2610
f 921//2611 920//2611 1302//2611
f 920//2612 919//2612 1303//2612
f 1303//2613 919//2613 1304//2613
f 1304//2614 918//2614 1305//2614
f 919//2615 918//2615 1304//2615
f 918//2616 917//2616 1305//2616
f 1305//2617 917//2617 1306//2617
f 1306//2618 916//2618 1307//2618
f 917//2619 916//2619 1306//2619
f 916//2620 915//2620 1307//2620
f 1307//2621 915//2621 1308//2621
f 1308//2622 914//2622 1309//2622
f 915//2623 914//2623 1308//2623
f 914//2624 913//2624 1309//2624
f 1309//2625 913//2625 1310//2625
f 1310//2626 912//2626 1311//2626
f 913//2627 912//2627 1310//2627
f 912//2628 911//2628 1311//2628
f 1311//2629 911//2629 1312//2629
f 1312//2630 910//2630 1313//2630
f 911//2631 910//2631 1312//2631
f 910//2632 909//2632 1313//2632
f 1313//2633 909//2633 1314//2633
f 909//2634 908//2634 1314//2634
f 1314//2635 908//2635 1315//2635
f 908//2636 907//2636 1315//2636
f 1315//2637 907//2637 1316//2637
f 1316//2638 906//2638 1317//2638
f 907//2639 906//2639 1316//2639
f 906//2640 905//2640 1317//2640
f 1317//2641 905//2641 1318//2641
f 1318//2642 904//2642 1319//2642
f 905//2643 904//2643 1318//2643
f 904//2644 903//2644 1319//2644
f 1319//2645 903//2645 1320//2645
f 903//2646 902//2646 1320//2646
f 1320//2647 902//2647 1321//2647
f 902//2648 901//2648 1321//2648
f 1321//2649 901//2649 1322//2649
f 1322//2650 900//2650 1323//2650
f 901//2651 900//2651 1322//2651
f 900//2652 899//2652 1323//2652
f 1323//2653 899//2653 1324//2653
f 1324//2654 898//2654 1325//2654
f 899//2655 898//2655 1324//2655
f 898//2656 897//2656 1325//2656
f 1325//2657 897//2657 1326//2657
f 1326//2658 896//2658 1327//2658
f 897//2659 896//2659 1326//2659
f 896//2660 895//2660 1327//2660
f 1327//2661 895//2661 1328//2661
f 1328//2662 895//2662 1329//2662
f 895//2663 894//2663 1329//2663
f 1329//2664 894//2664 1330//2664
f 894//2665 878//2665 1330//2665
f 1330//2666 878//2666 1255//2666
f 936//2667 1347//2667 1346//2667
f 935//2668 1345//2668 1344//2668
f 935//2669 1346//2669 1345//2669
f 935//2670 936//2670 1346//2670
f 937//2671 1344//2671 1343//2671
f 937//2672 935//2672 1344//2672
f 938//2673 1343//2673 1342//2673
f 938//2674 937//2674 1343//2674
f 939//2675 1342//2675 1341//2675
f 939//2676 938//2676 1342//2676
f 940//2677 1341//2677 1340//2677
f 940//2678 939//2678 1341//2678
f 941//2679 1340//2679 1339//2679
f 941//2680 940//2680 1340//2680
f 942//2681 1339//2681 1338//2681
f 942//2682 941//2682 1339//2682
f 943//2683 1338//2683 1337//2683
f 943//2684 942//2684 1338//2684
f 944//2685 1337//2685 1336//2685
f 944//2686 943//2686 1337//2686
f 945//2687 1336//2687 1335//2687
f 945//2688 944//2688 1336//2688
f 946//2689 1335//2689 1334//2689
f 946//2690 945//2690 1335//2690
f 947//2691 1334//2691 1333//2691
f 947//2692 946//2692 1334//2692
f 948//2693 1333//2693 1332//2693
f 948//2694 947//2694 1333//2694
f 949//2695 1332//2695 1331//2695
f 949//2696 948//2696 1332//2696
f 950//2697 949//2697 1331//2697
f 951//2698 1331//2698 1289//2698
f 951//2699 950//2699 1331//2699
f 879//2700 951//2700 1289//2700
f 1347//2701 936//2701 964//2701
f 1348//2702 964//2702 963//2702
f 1348//2703 1347//2703 964//2703
f 1349//2704 963//2704 962//2704
f 1349//2705 1348//2705 963//2705
f 1350//2706 962//2706 961//2706
f 1350//2707 1349//2707 962//2707
f 1351//2708 961//2708 960//2708
f 1351//2709 1350//2709 961//2709
f 1352//2710 960//2710 959//2710
f 1352//2711 1351//2711 960//2711
f 1353//2712 959//2712 958//2712
f 1353//2713 1352//2713 959//2713
f 1354//2714 958//2714 957//2714
f 1354//2715 1353//2715 958//2715
f 1355//2716 957//2716 956//2716
f 1355//2717 1354//2717 957//2717
f 1356//2718 956//2718 955//2718
f 1356//2719 1355//2719 956//2719
f 1357//2720 1356//2720 955//2720
f 1358//2721 954//2721 953//2721
f 1358//2722 955//2722 954//2722
f 1358//2723 1357//2723 955//2723
f 1359//2724 953//2724 952//2724
f 1359//2725 1358//2725 953//2725
f 1360//2726 952//2726 934//2726
f 1360//2727 1359//2727 952//2727
f 1290//2728 1360//2728 934//2728
f 1377//2729 967//2729 1378//2729
f 967//2730 1379//2730 1378//2730
f 1379//2731 965//2731 1380//2731
f 967//2732 965//2732 1379//2732
f 1381//2733 1382//2733 968//2733
f 968//2734 1383//2734 966//2734
f 1382//2735 1383//2735 968//2735
f 966//2736 1383//2736 1384//2736
f 1384//2737 1380//2737 966//2737
f 966//2738 1380//2738 965//2738
f 1377//2739 1381//2739 967//2739
f 967//2740 1381//2740 968//2740
f 1385//2741 1386//2741 1387//2741
f 1385//2742 1388//2742 1386//2742
f 1385//2743 971//2743 1388//2743
f 971//2744 1389//2744 1388//2744
f 1386//2745 1390//2745 1387//2745
f 1390//2746 1391//2746 1387//2746
f 971//2747 1392//2747 1389//2747
f 1392//2748 972//2748 1393//2748
f 1393//2749 972//2749 1394//2749
f 1394//2750 972//2750 1391//2750
f 1391//2751 972//2751 1387//2751
f 971//2752 972//2752 1392//2752
f 1395//2753 971//2753 1385//2753
f 1395//2754 973//2754 971//2754
f 1387//2755 974//2755 1396//2755
f 1387//2756 972//2756 974//2756
f 1397//2757 975//2757 1395//2757
f 975//2758 973//2758 1395//2758
f 1396//2759 974//2759 1398//2759
f 974//2760 976//2760 1398//2760
f 977//2761 1397//2761 1399//2761
f 975//2762 1397//2762 977//2762
f 1398//2763 978//2763 1400//2763
f 1398//2764 976//2764 978//2764
f 1400//2765 1366//2765 1368//2765
f 1400//2766 978//2766 1366//2766
f 1400//2767 1367//2767 1399//2767
f 1368//2768 1367//2768 1400//2768
f 978//2769 1364//2769 1366//2769
f 978//2770 1361//2770 1364//2770
f 1367//2771 1365//2771 1399//2771
f 1361//2772 977//2772 1362//2772
f 1362//2773 977//2773 1363//2773
f 1363//2774 977//2774 1365//2774
f 978//2775 977//2775 1361//2775
f 1365//2776 977//2776 1399//2776
f 1401//2777 1402//2777 1375//2777
f 1375//2778 1402//2778 1374//2778
f 1403//2779 1401//2779 1376//2779
f 1376//2780 1401//2780 1375//2780
f 1402//2781 1404//2781 1373//2781
f 1402//2782 1373//2782 1374//2782
f 1405//2783 1403//2783 1372//2783
f 1372//2784 1403//2784 1376//2784
f 1404//2785 1369//2785 1373//2785
f 1404//2786 1406//2786 1369//2786
f 1407//2787 1405//2787 1372//2787
f 1407//2788 1372//2788 1371//2788
f 1406//2789 1408//2789 1370//2789
f 1406//2790 1370//2790 1369//2790
f 1408//2791 1371//2791 1370//2791
f 1408//2792 1407//2792 1371//2792
f 1377//2793 1378//2793 1385//2793
f 1385//2794 1378//2794 1395//2794
f 1387//2795 1377//2795 1385//2795
f 1381//2796 1377//2796 1387//2796
f 1378//2797 1379//2797 1397//2797
f 1378//2798 1397//2798 1395//2798
f 1382//2799 1381//2799 1396//2799
f 1396//2800 1381//2800 1387//2800
f 1380//2801 1399//2801 1397//2801
f 1379//2802 1380//2802 1397//2802
f 1383//2803 1382//2803 1396//2803
f 1383//2804 1396//2804 1398//2804
f 1399//2805 1384//2805 1400//2805
f 1380//2806 1384//2806 1399//2806
f 1384//2807 1383//2807 1400//2807
f 1400//2808 1383//2808 1398//2808
f 1409//2809 1389//2809 1410//2809
f 1388//2810 1389//2810 1409//2810
f 1392//2811 1410//2811 1389//2811
f 1411//2812 1410//2812 1392//2812
f 1409//2813 1412//2813 1386//2813
f 1409//2814 1386//2814 1388//2814
f 1411//2815 1393//2815 1413//2815
f 1392//2816 1393//2816 1411//2816
f 1414//2817 1386//2817 1412//2817
f 1390//2818 1386//2818 1414//2818
f 1415//2819 1413//2819 1393//2819
f 1415//2820 1393//2820 1394//2820
f 1414//2821 1416//2821 1391//2821
f 1414//2822 1391//2822 1390//2822
f 1415//2823 1391//2823 1416//2823
f 1394//2824 1391//2824 1415//2824
f 1402//2825 1401//2825 1409//2825
f 1402//2826 1409//2826 1410//2826
f 1409//2827 1403//2827 1412//2827
f 1409//2828 1401//2828 1403//2828
f 1402//2829 1411//2829 1404//2829
f 1402//2830 1410//2830 1411//2830
f 1403//2831 1405//2831 1414//2831
f 1403//2832 1414//2832 1412//2832
f 1406//2833 1404//2833 1411//2833
f 1406//2834 1411//2834 1413//2834
f 1416//2835 1405//2835 1407//2835
f 1414//2836 1405//2836 1416//2836
f 1408//2837 1413//2837 1415//2837
f 1406//2838 1413//2838 1408//2838
f 1407//2839 1408//2839 1415//2839
f 1407//2840 1415//2840 1416//2840
